#
# There is insufficient memory for the Java Runtime Environment to continue.
# Native memory allocation (mmap) failed to map 96468992 bytes. Error detail: G1 virtual space
# Possible reasons:
#   The system is out of physical RAM or swap space
#   This process is running with CompressedOops enabled, and the Java Heap may be blocking the growth of the native heap
# Possible solutions:
#   Reduce memory load on the system
#   Increase physical memory or swap space
#   Check if swap backing store is full
#   Decrease Java heap size (-Xmx/-Xms)
#   Decrease number of Java threads
#   Decrease Java thread stack sizes (-Xss)
#   Set larger code cache with -XX:ReservedCodeCacheSize=
#   JVM is running with Zero Based Compressed Oops mode in which the Java heap is
#     placed in the first 32GB address space. The Java Heap base address is the
#     maximum limit for the native heap growth. Please use -XX:HeapBaseMinAddress
#     to set the Java Heap base and to place the Java Heap above 32GB virtual address.
# This output file may be truncated or incomplete.
#
#  Out of Memory Error (os_windows.cpp:3714), pid=21968, tid=24152
#
# JRE version: OpenJDK Runtime Environment Corretto-21.0.11.10.1 (21.0.11+10) (build 21.0.11+10-LTS)
# Java VM: OpenJDK 64-Bit Server VM Corretto-21.0.11.10.1 (21.0.11+10-LTS, mixed mode, sharing, tiered, compressed oops, compressed class ptrs, g1 gc, windows-amd64)
# No core dump will be written. Minidumps are not enabled by default on client versions of Windows
#

---------------  S U M M A R Y ------------

Command Line: --add-opens=java.base/java.lang=ALL-UNNAMED --add-opens=java.base/java.lang.invoke=ALL-UNNAMED --add-opens=java.base/java.util=ALL-UNNAMED --add-opens=java.prefs/java.util.prefs=ALL-UNNAMED --add-exports=jdk.compiler/com.sun.tools.javac.api=ALL-UNNAMED --add-exports=jdk.compiler/com.sun.tools.javac.util=ALL-UNNAMED --add-opens=java.base/java.util=ALL-UNNAMED --add-opens=java.prefs/java.util.prefs=ALL-UNNAMED --add-opens=java.base/java.nio.charset=ALL-UNNAMED --add-opens=java.base/java.net=ALL-UNNAMED --add-opens=java.base/java.util.concurrent=ALL-UNNAMED --add-opens=java.base/java.util.concurrent.atomic=ALL-UNNAMED --add-opens=java.xml/javax.xml.namespace=ALL-UNNAMED --add-opens=java.base/java.time=ALL-UNNAMED -XX:MaxMetaspaceSize=1024m -XX:+HeapDumpOnOutOfMemoryError -Xmx4096m -Dfile.encoding=UTF-8 -Duser.country=US -Duser.language=en -Duser.variant -javaagent:C:\Users\Aalaa Adel\.gradle\wrapper\dists\gradle-9.4.1-bin\arn2x92ynaizyzdaamcbpbhtj\gradle-9.4.1\lib\agents\gradle-instrumentation-agent-9.4.1.jar org.gradle.launcher.daemon.bootstrap.GradleDaemon 9.4.1

Host: AMD Ryzen 5 4600H with Radeon Graphics         , 12 cores, 15G,  Windows 11 , 64 bit Build 26100 (10.0.26100.8521)
Time: Fri Jul  3 21:49:52 2026 Egypt Daylight Time elapsed time: 134.661185 seconds (0d 0h 2m 14s)

---------------  T H R E A D  ---------------

Current thread (0x000002545219e820):  VMThread "VM Thread"          [id=24152, stack(0x0000008ad9900000,0x0000008ad9a00000) (1024K)]

Stack: [0x0000008ad9900000,0x0000008ad9a00000]
Native frames: (J=compiled Java code, j=interpreted, Vv=VM code, C=native code)
V  [jvm.dll+0x6df899]
V  [jvm.dll+0x8bc52b]
V  [jvm.dll+0x8beaba]
V  [jvm.dll+0x8bf193]
V  [jvm.dll+0x28aa16]
V  [jvm.dll+0x6dc1f5]
V  [jvm.dll+0x6d003a]
V  [jvm.dll+0x3650fe]
V  [jvm.dll+0x36cfcb]
V  [jvm.dll+0x3bea89]
V  [jvm.dll+0x3bed2b]
V  [jvm.dll+0x3392c7]
V  [jvm.dll+0x33bad6]
V  [jvm.dll+0x345ebf]
V  [jvm.dll+0x37b8ef]
V  [jvm.dll+0x8c4eef]
V  [jvm.dll+0x8c63d3]
V  [jvm.dll+0x8c6944]
V  [jvm.dll+0x8c6a43]
V  [jvm.dll+0x8672bd]
V  [jvm.dll+0x6de09d]
C  [ucrtbase.dll+0x2cd30]
C  [KERNEL32.DLL+0x2e957]
C  [ntdll.dll+0x87c1c]

VM_Operation (0x0000008ad94ff540): G1PauseRemark, mode: safepoint, requested by thread 0x0000025432957900


---------------  P R O C E S S  ---------------

Threads class SMR info:
_java_thread_list=0x00000254aa2bc6c0, length=98, elements={
0x0000025430408600, 0x00000254521c03a0, 0x00000254521c3b30, 0x00000254521c72c0,
0x00000254521c7d20, 0x00000254521c8780, 0x00000254521c91e0, 0x00000254521c9f70,
0x00000254521d15c0, 0x00000254524956a0, 0x00000254524b1ba0, 0x000002548c505a00,
0x000002548cb41510, 0x000002548dbf13a0, 0x000002548dcb6b40, 0x000002548c732a60,
0x000002548c2cc3c0, 0x000002548d4ee560, 0x000002548d831b60, 0x000002548d8342c0,
0x000002548d834950, 0x000002548d8321f0, 0x000002548d832f10, 0x000002548d8335a0,
0x000002548e331b80, 0x000002548e332210, 0x000002548e3335c0, 0x000002548e330140,
0x000002548e333c50, 0x000002548e3307d0, 0x000002548e334970, 0x000002548e3370d0,
0x0000025490a230f0, 0x0000025490a23780, 0x0000025490a244a0, 0x0000025490a21d40,
0x0000025490a27290, 0x0000025490a27920, 0x0000025490a251c0, 0x0000025490a26570,
0x0000025490a27fb0, 0x0000025490a25850, 0x0000025490a28640, 0x0000025490a25ee0,
0x000002548e990480, 0x000002548e98dd20, 0x000002549163f180, 0x000002549163f810,
0x0000025491640bc0, 0x000002549163d740, 0x0000025491641250, 0x000002549163ddd0,
0x0000025491640530, 0x00000254916418e0, 0x000002549163e460, 0x0000025491641f70,
0x000002549163fea0, 0x0000025491642600, 0x0000025491642c90, 0x00000254980fcdd0,
0x0000025493724d00, 0x0000025498506610, 0x0000025492c81400, 0x0000025492c82120,
0x0000025493877e00, 0x000002549387b280, 0x0000025493879840, 0x000002548e3f4bf0,
0x0000025499edda40, 0x0000025498504540, 0x00000254a86a57a0, 0x0000025499d5d910,
0x00000254935ae440, 0x00000254935addb0, 0x00000254935ad090, 0x0000025493858bf0,
0x00000254988266c0, 0x00000254a3131520, 0x00000254993780a0, 0x0000025499378dc0,
0x0000025499379450, 0x00000254934977c0, 0x00000254aa745790, 0x00000254a3130800,
0x00000254a3130170, 0x00000254a3130e90, 0x0000025490e52570, 0x0000025499ba40f0,
0x00000254a8a95d10, 0x0000025499ba3a20, 0x00000254935711b0, 0x0000025492c7f330,
0x00000254a93a5960, 0x00000254a26ac4d0, 0x000002549884e7b0, 0x00000254a86a43f0,
0x000002549884ee40, 0x00000254a8c0a9e0
}

Java Threads: ( => current thread )
  0x0000025430408600 JavaThread "main"                              [_thread_blocked, id=24284, stack(0x0000008ad9200000,0x0000008ad9300000) (1024K)]
  0x00000254521c03a0 JavaThread "Reference Handler"          daemon [_thread_blocked, id=20444, stack(0x0000008ad9a00000,0x0000008ad9b00000) (1024K)]
  0x00000254521c3b30 JavaThread "Finalizer"                  daemon [_thread_blocked, id=20764, stack(0x0000008ad9b00000,0x0000008ad9c00000) (1024K)]
  0x00000254521c72c0 JavaThread "Signal Dispatcher"          daemon [_thread_blocked, id=21572, stack(0x0000008ad9c00000,0x0000008ad9d00000) (1024K)]
  0x00000254521c7d20 JavaThread "Attach Listener"            daemon [_thread_blocked, id=23624, stack(0x0000008ad9d00000,0x0000008ad9e00000) (1024K)]
  0x00000254521c8780 JavaThread "Service Thread"             daemon [_thread_blocked, id=15160, stack(0x0000008ad9e00000,0x0000008ad9f00000) (1024K)]
  0x00000254521c91e0 JavaThread "Monitor Deflation Thread"   daemon [_thread_blocked, id=18364, stack(0x0000008ad9f00000,0x0000008ada000000) (1024K)]
  0x00000254521c9f70 JavaThread "C2 CompilerThread0"         daemon [_thread_blocked, id=22720, stack(0x0000008ada000000,0x0000008ada100000) (1024K)]
  0x00000254521d15c0 JavaThread "C1 CompilerThread0"         daemon [_thread_blocked, id=24408, stack(0x0000008ada100000,0x0000008ada200000) (1024K)]
  0x00000254524956a0 JavaThread "Common-Cleaner"             daemon [_thread_blocked, id=23216, stack(0x0000008ada200000,0x0000008ada300000) (1024K)]
  0x00000254524b1ba0 JavaThread "Notification Thread"        daemon [_thread_blocked, id=18720, stack(0x0000008ada300000,0x0000008ada400000) (1024K)]
  0x000002548c505a00 JavaThread "Daemon health stats"               [_thread_blocked, id=6700, stack(0x0000008ada900000,0x0000008adaa00000) (1024K)]
  0x000002548cb41510 JavaThread "Incoming local TCP Connector on port 60620"        [_thread_in_native, id=13544, stack(0x0000008adaa00000,0x0000008adab00000) (1024K)]
  0x000002548dbf13a0 JavaThread "Daemon periodic checks"            [_thread_blocked, id=9576, stack(0x0000008adab00000,0x0000008adac00000) (1024K)]
  0x000002548dcb6b40 JavaThread "Daemon"                            [_thread_blocked, id=16800, stack(0x0000008adac00000,0x0000008adad00000) (1024K)]
  0x000002548c732a60 JavaThread "Handler for socket connection from /127.0.0.1:60620 to /127.0.0.1:60621"        [_thread_in_native, id=20912, stack(0x0000008adad00000,0x0000008adae00000) (1024K)]
  0x000002548c2cc3c0 JavaThread "Cancel handler"                    [_thread_blocked, id=21508, stack(0x0000008adae00000,0x0000008adaf00000) (1024K)]
  0x000002548d4ee560 JavaThread "Daemon worker"                     [_thread_blocked, id=23612, stack(0x0000008adaf00000,0x0000008adb000000) (1024K)]
  0x000002548d831b60 JavaThread "Asynchronous log dispatcher for DefaultDaemonConnection: socket connection from /127.0.0.1:60620 to /127.0.0.1:60621"        [_thread_blocked, id=1144, stack(0x0000008adb000000,0x0000008adb100000) (1024K)]
  0x000002548d8342c0 JavaThread "Stdin handler"                     [_thread_blocked, id=3200, stack(0x0000008adb100000,0x0000008adb200000) (1024K)]
  0x000002548d834950 JavaThread "Daemon client event forwarder"        [_thread_blocked, id=12244, stack(0x0000008adb200000,0x0000008adb300000) (1024K)]
  0x000002548d8321f0 JavaThread "Cache worker for journal cache (C:\Users\Aalaa Adel\.gradle\caches\journal-1)"        [_thread_blocked, id=23884, stack(0x0000008ada400000,0x0000008ada500000) (1024K)]
  0x000002548d832f10 JavaThread "File lock request listener"        [_thread_in_native, id=23264, stack(0x0000008adb300000,0x0000008adb400000) (1024K)]
  0x000002548d8335a0 JavaThread "Cache worker for file hash cache (C:\Users\Aalaa Adel\.gradle\caches\9.4.1\fileHashes)"        [_thread_blocked, id=4544, stack(0x0000008adb400000,0x0000008adb500000) (1024K)]
  0x000002548e331b80 JavaThread "Cache worker for file hash cache (F:\Project\WearZone\WearZone\.gradle\9.4.1\fileHashes)"        [_thread_blocked, id=20684, stack(0x0000008adbe00000,0x0000008adbf00000) (1024K)]
  0x000002548e332210 JavaThread "Cache worker for Build Output Cleanup Cache (F:\Project\WearZone\WearZone\.gradle\buildOutputCleanup)"        [_thread_blocked, id=23876, stack(0x0000008adbf00000,0x0000008adc000000) (1024K)]
  0x000002548e3335c0 JavaThread "File watcher server"        daemon [_thread_blocked, id=21744, stack(0x0000008adb500000,0x0000008adb600000) (1024K)]
  0x000002548e330140 JavaThread "File watcher consumer"      daemon [_thread_blocked, id=15768, stack(0x0000008adbb00000,0x0000008adbc00000) (1024K)]
  0x000002548e333c50 JavaThread "Cache worker for file content cache (C:\Users\Aalaa Adel\.gradle\caches\9.4.1\fileContent)"        [_thread_blocked, id=18416, stack(0x0000008adc000000,0x0000008adc100000) (1024K)]
  0x000002548e3307d0 JavaThread "Cache worker for checksums cache (F:\Project\WearZone\WearZone\.gradle\9.4.1\checksums)"        [_thread_blocked, id=20708, stack(0x0000008adc100000,0x0000008adc200000) (1024K)]
  0x000002548e334970 JavaThread "Cache worker for cache directory md-supplier (C:\Users\Aalaa Adel\.gradle\caches\9.4.1\md-supplier)"        [_thread_blocked, id=21056, stack(0x0000008adc200000,0x0000008adc300000) (1024K)]
  0x000002548e3370d0 JavaThread "Cache worker for cache directory md-rule (C:\Users\Aalaa Adel\.gradle\caches\9.4.1\md-rule)"        [_thread_blocked, id=15800, stack(0x0000008adc300000,0x0000008adc400000) (1024K)]
  0x0000025490a230f0 JavaThread "Build operations"                  [_thread_blocked, id=23544, stack(0x0000008adc500000,0x0000008adc600000) (1024K)]
  0x0000025490a23780 JavaThread "Build operations Thread 2"         [_thread_blocked, id=23388, stack(0x0000008adc600000,0x0000008adc700000) (1024K)]
  0x0000025490a244a0 JavaThread "Build operations Thread 3"         [_thread_blocked, id=18880, stack(0x0000008adc700000,0x0000008adc800000) (1024K)]
  0x0000025490a21d40 JavaThread "Build operations Thread 4"         [_thread_blocked, id=21688, stack(0x0000008adc900000,0x0000008adca00000) (1024K)]
  0x0000025490a27290 JavaThread "Build operations Thread 5"         [_thread_blocked, id=5744, stack(0x0000008adca00000,0x0000008adcb00000) (1024K)]
  0x0000025490a27920 JavaThread "Build operations Thread 6"         [_thread_blocked, id=23480, stack(0x0000008adcb00000,0x0000008adcc00000) (1024K)]
  0x0000025490a251c0 JavaThread "Build operations Thread 7"         [_thread_blocked, id=2412, stack(0x0000008adcc00000,0x0000008adcd00000) (1024K)]
  0x0000025490a26570 JavaThread "Build operations Thread 8"         [_thread_blocked, id=6988, stack(0x0000008adcd00000,0x0000008adce00000) (1024K)]
  0x0000025490a27fb0 JavaThread "Build operations Thread 9"         [_thread_blocked, id=24512, stack(0x0000008adce00000,0x0000008adcf00000) (1024K)]
  0x0000025490a25850 JavaThread "Build operations Thread 10"        [_thread_blocked, id=17236, stack(0x0000008adcf00000,0x0000008add000000) (1024K)]
  0x0000025490a28640 JavaThread "Build operations Thread 11"        [_thread_blocked, id=11448, stack(0x0000008add000000,0x0000008add100000) (1024K)]
  0x0000025490a25ee0 JavaThread "Build operations Thread 12"        [_thread_blocked, id=15836, stack(0x0000008add100000,0x0000008add200000) (1024K)]
  0x000002548e990480 JavaThread "Memory manager"                    [_thread_blocked, id=21460, stack(0x0000008adc400000,0x0000008adc500000) (1024K)]
  0x000002548e98dd20 JavaThread "build event listener"              [_thread_blocked, id=17884, stack(0x0000008add300000,0x0000008add400000) (1024K)]
  0x000002549163f180 JavaThread "included builds"                   [_thread_blocked, id=11840, stack(0x0000008add400000,0x0000008add500000) (1024K)]
  0x000002549163f810 JavaThread "Execution worker"                  [_thread_blocked, id=3808, stack(0x0000008add500000,0x0000008add600000) (1024K)]
  0x0000025491640bc0 JavaThread "Execution worker Thread 2"         [_thread_blocked, id=23984, stack(0x0000008add600000,0x0000008add700000) (1024K)]
  0x000002549163d740 JavaThread "Execution worker Thread 3"         [_thread_blocked, id=17292, stack(0x0000008add700000,0x0000008add800000) (1024K)]
  0x0000025491641250 JavaThread "Execution worker Thread 4"         [_thread_blocked, id=15972, stack(0x0000008add800000,0x0000008add900000) (1024K)]
  0x000002549163ddd0 JavaThread "Execution worker Thread 5"         [_thread_blocked, id=15592, stack(0x0000008add900000,0x0000008adda00000) (1024K)]
  0x0000025491640530 JavaThread "Execution worker Thread 6"         [_thread_blocked, id=23940, stack(0x0000008adda00000,0x0000008addb00000) (1024K)]
  0x00000254916418e0 JavaThread "Execution worker Thread 7"         [_thread_blocked, id=4664, stack(0x0000008addb00000,0x0000008addc00000) (1024K)]
  0x000002549163e460 JavaThread "Execution worker Thread 8"         [_thread_blocked, id=11572, stack(0x0000008addc00000,0x0000008addd00000) (1024K)]
  0x0000025491641f70 JavaThread "Execution worker Thread 9"         [_thread_blocked, id=9408, stack(0x0000008addd00000,0x0000008adde00000) (1024K)]
  0x000002549163fea0 JavaThread "Execution worker Thread 10"        [_thread_blocked, id=23728, stack(0x0000008adde00000,0x0000008addf00000) (1024K)]
  0x0000025491642600 JavaThread "Execution worker Thread 11"        [_thread_blocked, id=22648, stack(0x0000008addf00000,0x0000008ade000000) (1024K)]
  0x0000025491642c90 JavaThread "Cache worker for execution history cache (F:\Project\WearZone\WearZone\.gradle\9.4.1\executionHistory)"        [_thread_blocked, id=24504, stack(0x0000008ade000000,0x0000008ade100000) (1024K)]
  0x00000254980fcdd0 JavaThread "WorkerExecutor Queue"              [_thread_blocked, id=18128, stack(0x0000008ade100000,0x0000008ade200000) (1024K)]
  0x0000025493724d00 JavaThread "WorkerExecutor Queue Thread 2"        [_thread_blocked, id=24100, stack(0x0000008ade200000,0x0000008ade300000) (1024K)]
  0x0000025498506610 JavaThread "WorkerExecutor Queue Thread 3"        [_thread_blocked, id=14596, stack(0x0000008ade300000,0x0000008ade400000) (1024K)]
  0x0000025492c81400 JavaThread "Periodic tasks thread"      daemon [_thread_blocked, id=17312, stack(0x0000008ade400000,0x0000008ade500000) (1024K)]
  0x0000025492c82120 JavaThread "ApplicationImpl pooled thread 1" daemon [_thread_blocked, id=1696, stack(0x0000008ade500000,0x0000008ade600000) (1024K)]
  0x0000025493877e00 JavaThread "ForkJoinPool.commonPool-worker-1" daemon [_thread_blocked, id=11084, stack(0x0000008ade600000,0x0000008ade700000) (1024K)]
  0x000002549387b280 JavaThread "Java2D Disposer"            daemon [_thread_blocked, id=24144, stack(0x0000008ade700000,0x0000008ade800000) (1024K)]
  0x0000025493879840 JavaThread "AWT-Windows"                daemon [_thread_in_native, id=19212, stack(0x0000008ade900000,0x0000008adea00000) (1024K)]
  0x000002548e3f4bf0 JavaThread "WorkerExecutor Queue Thread 4"        [_thread_blocked, id=20608, stack(0x0000008ade800000,0x0000008ade900000) (1024K)]
  0x0000025499edda40 JavaThread "ForkJoinPool.commonPool-worker-3" daemon [_thread_in_native, id=24280, stack(0x0000008adc800000,0x0000008adc900000) (1024K)]
  0x0000025498504540 JavaThread "ForkJoinPool.commonPool-worker-4" daemon [_thread_in_native, id=17616, stack(0x0000008aded00000,0x0000008adee00000) (1024K)]
  0x00000254a86a57a0 JavaThread "WorkerExecutor Queue Thread 6"        [_thread_blocked, id=15812, stack(0x0000008adee00000,0x0000008adef00000) (1024K)]
  0x0000025499d5d910 JavaThread "WorkerExecutor Queue Thread 7"        [_thread_blocked, id=24112, stack(0x0000008adef00000,0x0000008adf000000) (1024K)]
  0x00000254935ae440 JavaThread "pool-4-thread-1"                   [_thread_blocked, id=6620, stack(0x0000008adf000000,0x0000008adf100000) (1024K)]
  0x00000254935addb0 JavaThread "stderr"                            [_thread_in_native, id=13368, stack(0x0000008adf100000,0x0000008adf200000) (1024K)]
  0x00000254935ad090 JavaThread "stdout"                            [_thread_in_native, id=14136, stack(0x0000008adf200000,0x0000008adf300000) (1024K)]
  0x0000025493858bf0 JavaThread "WorkerExecutor Queue Thread 8"        [_thread_blocked, id=9840, stack(0x0000008ad9000000,0x0000008ad9100000) (1024K)]
  0x00000254988266c0 JavaThread "RMI Scheduler(0)"           daemon [_thread_blocked, id=4036, stack(0x0000008adec00000,0x0000008aded00000) (1024K)]
  0x00000254a3131520 JavaThread "RMI GC Daemon"              daemon [_thread_blocked, id=23688, stack(0x0000008adf400000,0x0000008adf500000) (1024K)]
  0x00000254993780a0 JavaThread "RMI TCP Accept-0"           daemon [_thread_in_native, id=16576, stack(0x0000008adf500000,0x0000008adf600000) (1024K)]
  0x0000025499378dc0 JavaThread "RMI Reaper"                        [_thread_blocked, id=9252, stack(0x0000008adf600000,0x0000008adf700000) (1024K)]
  0x0000025499379450 JavaThread "RMI TCP Connection(idle)"   daemon [_thread_blocked, id=16264, stack(0x0000008adf700000,0x0000008adf800000) (1024K)]
  0x00000254934977c0 JavaThread "Cache worker for Java compile cache (C:\Users\Aalaa Adel\.gradle\caches\9.4.1\javaCompile)"        [_thread_blocked, id=23768, stack(0x0000008adf900000,0x0000008adfa00000) (1024K)]
  0x00000254aa745790 JavaThread "WorkerExecutor Queue Thread 9"        [_thread_blocked, id=22936, stack(0x0000008add200000,0x0000008add300000) (1024K)]
  0x00000254a3130800 JavaThread "WorkerExecutor Queue Thread 10"        [_thread_blocked, id=11316, stack(0x0000008adf800000,0x0000008adf900000) (1024K)]
  0x00000254a3130170 JavaThread "WorkerExecutor Queue Thread 11"        [_thread_blocked, id=22256, stack(0x0000008adfc00000,0x0000008adfd00000) (1024K)]
  0x00000254a3130e90 JavaThread "WorkerExecutor Queue Thread 12"        [_thread_blocked, id=22768, stack(0x0000008adfd00000,0x0000008adfe00000) (1024K)]
  0x0000025490e52570 JavaThread "WorkerExecutor Queue Thread 13"        [_thread_blocked, id=9940, stack(0x0000008adf300000,0x0000008adf400000) (1024K)]
  0x0000025499ba40f0 JavaThread "C2 CompilerThread1"         daemon [_thread_blocked, id=23064, stack(0x0000008ad9100000,0x0000008ad9200000) (1024K)]
  0x00000254a8a95d10 JavaThread "WorkerExecutor Queue Thread 14"        [_thread_blocked, id=21600, stack(0x0000008adea00000,0x0000008adeb00000) (1024K)]
  0x0000025499ba3a20 JavaThread "C2 CompilerThread2"         daemon [_thread_blocked, id=24496, stack(0x0000008adeb00000,0x0000008adec00000) (1024K)]
  0x00000254935711b0 JavaThread "ForkJoinPool.commonPool-worker-5" daemon [_thread_blocked, id=5660, stack(0x0000008adfe00000,0x0000008adff00000) (1024K)]
  0x0000025492c7f330 JavaThread "ForkJoinPool.commonPool-worker-6" daemon [_thread_blocked, id=17176, stack(0x0000008adff00000,0x0000008ae0000000) (1024K)]
  0x00000254a93a5960 JavaThread "ForkJoinPool.commonPool-worker-7" daemon [_thread_blocked, id=11108, stack(0x0000008ae0000000,0x0000008ae0100000) (1024K)]
  0x00000254a26ac4d0 JavaThread "ForkJoinPool.commonPool-worker-8" daemon [_thread_blocked, id=13524, stack(0x0000008ae0100000,0x0000008ae0200000) (1024K)]
  0x000002549884e7b0 JavaThread "ForkJoinPool.commonPool-worker-9" daemon [_thread_in_native, id=14328, stack(0x0000008ae0200000,0x0000008ae0300000) (1024K)]
  0x00000254a86a43f0 JavaThread "ForkJoinPool.commonPool-worker-10" daemon [_thread_blocked, id=22640, stack(0x0000008ae0300000,0x0000008ae0400000) (1024K)]
  0x000002549884ee40 JavaThread "ForkJoinPool.commonPool-worker-11" daemon [_thread_blocked, id=16160, stack(0x0000008ae0400000,0x0000008ae0500000) (1024K)]
  0x00000254a8c0a9e0 JavaThread "ForkJoinPool.commonPool-worker-12" daemon [_thread_in_native, id=17660, stack(0x0000008ae0500000,0x0000008ae0600000) (1024K)]
Total: 98

Other Threads:
=>0x000002545219e820 VMThread "VM Thread"                           [id=24152, stack(0x0000008ad9900000,0x0000008ad9a00000) (1024K)]
  0x000002545218c800 WatcherThread "VM Periodic Task Thread"        [id=2336, stack(0x0000008ad9800000,0x0000008ad9900000) (1024K)]
  0x0000025432946a00 WorkerThread "GC Thread#0"                     [id=1116, stack(0x0000008ad9300000,0x0000008ad9400000) (1024K)]
  0x0000025452aa8ba0 WorkerThread "GC Thread#1"                     [id=17044, stack(0x0000008ada500000,0x0000008ada600000) (1024K)]
  0x0000025452aa8f50 WorkerThread "GC Thread#2"                     [id=7140, stack(0x0000008ada600000,0x0000008ada700000) (1024K)]
  0x0000025452aa9300 WorkerThread "GC Thread#3"                     [id=16180, stack(0x0000008ada700000,0x0000008ada800000) (1024K)]
  0x0000025452aa96b0 WorkerThread "GC Thread#4"                     [id=13496, stack(0x0000008ada800000,0x0000008ada900000) (1024K)]
  0x000002548c9ce560 WorkerThread "GC Thread#5"                     [id=22696, stack(0x0000008adb600000,0x0000008adb700000) (1024K)]
  0x000002548c9ce910 WorkerThread "GC Thread#6"                     [id=22472, stack(0x0000008adb700000,0x0000008adb800000) (1024K)]
  0x000002548c9cf070 WorkerThread "GC Thread#7"                     [id=20388, stack(0x0000008adb800000,0x0000008adb900000) (1024K)]
  0x000002548c9cecc0 WorkerThread "GC Thread#8"                     [id=14512, stack(0x0000008adb900000,0x0000008adba00000) (1024K)]
  0x000002548c9cf420 WorkerThread "GC Thread#9"                     [id=22572, stack(0x0000008adba00000,0x0000008adbb00000) (1024K)]
  0x0000025432957900 ConcurrentGCThread "G1 Main Marker"            [id=8800, stack(0x0000008ad9400000,0x0000008ad9500000) (1024K)]
  0x0000025432958b30 WorkerThread "G1 Conc#0"                       [id=17596, stack(0x0000008ad9500000,0x0000008ad9600000) (1024K)]
  0x000002548f232940 WorkerThread "G1 Conc#1"                       [id=1700, stack(0x0000008adbc00000,0x0000008adbd00000) (1024K)]
  0x000002548f22f1f0 WorkerThread "G1 Conc#2"                       [id=14452, stack(0x0000008adbd00000,0x0000008adbe00000) (1024K)]
  0x000002543299e470 ConcurrentGCThread "G1 Refine#0"               [id=10032, stack(0x0000008ad9600000,0x0000008ad9700000) (1024K)]
  0x000002545205c5b0 ConcurrentGCThread "G1 Service"                [id=24436, stack(0x0000008ad9700000,0x0000008ad9800000) (1024K)]
Total: 18

Threads with active compile tasks:
C2 CompilerThread0  134696 47225   !   4       java.lang.invoke.InnerClassLambdaMetafactory::generateInnerClass (506 bytes)
Total: 1

VM state: at safepoint (normal execution)

VM Mutex/Monitor currently owned by a thread:  ([mutex/lock_event])
[0x00007ff86f0765c0] Threads_lock - owner thread: 0x000002545219e820
[0x00007ff86f0766c0] Heap_lock - owner thread: 0x0000025432957900

Heap address: 0x0000000700000000, size: 4096 MB, Compressed Oops mode: Zero based, Oop shift amount: 3

CDS archive(s) mapped at: [0x0000025453000000-0x0000025453c80000-0x0000025453c80000), size 13107200, SharedBaseAddress: 0x0000025453000000, ArchiveRelocationMode: 1.
Compressed class space mapped at: 0x0000025454000000-0x0000025488000000, reserved size: 872415232
Narrow klass base: 0x0000025453000000, Narrow klass shift: 0, Narrow klass range: 0x100000000

GC Precious Log:
 CardTable entry size: 512
 Card Set container configuration: InlinePtr #cards 4 size 8 Array Of Cards #cards 16 size 48 Howl #buckets 8 coarsen threshold 3686 Howl Bitmap #cards 512 size 80 coarsen threshold 460 Card regions per heap region 1 cards per card region 4096
 CPUs: 12 total, 12 available
 Memory: 15741M
 Large Page Support: Disabled
 NUMA Support: Disabled
 Compressed Oops: Enabled (Zero based)
 Heap Region Size: 2M
 Heap Min Capacity: 8M
 Heap Initial Capacity: 246M
 Heap Max Capacity: 4G
 Pre-touch: Disabled
 Parallel Workers: 10
 Concurrent Workers: 3
 Concurrent Refinement Workers: 10
 Periodic GC: Disabled

Heap:
 garbage-first heap   total 581632K, used 409400K [0x0000000700000000, 0x0000000800000000)
  region size 2048K, 9 young (18432K), 4 survivors (8192K)
 Metaspace       used 239464K, committed 242368K, reserved 1114112K
  class space    used 30640K, committed 32064K, reserved 851968K

Heap Regions: E=young(eden), S=young(survivor), O=old, HS=humongous(starts), HC=humongous(continues), CS=collection set, F=free, TAMS=top-at-mark-start, PB=parsable bottom
|   0|0x0000000700000000, 0x0000000700200000, 0x0000000700200000|100%|HS|  |TAMS 0x0000000700200000| PB 0x0000000700000000| Complete 
|   1|0x0000000700200000, 0x0000000700400000, 0x0000000700400000|100%|HC|  |TAMS 0x0000000700400000| PB 0x0000000700200000| Complete 
|   2|0x0000000700400000, 0x0000000700600000, 0x0000000700600000|100%| O|  |TAMS 0x0000000700600000| PB 0x0000000700600000| Untracked 
|   3|0x0000000700600000, 0x0000000700800000, 0x0000000700800000|100%| O|  |TAMS 0x0000000700800000| PB 0x0000000700800000| Untracked 
|   4|0x0000000700800000, 0x0000000700a00000, 0x0000000700a00000|100%| O|  |TAMS 0x0000000700a00000| PB 0x0000000700a00000| Untracked 
|   5|0x0000000700a00000, 0x0000000700c00000, 0x0000000700c00000|100%| O|  |TAMS 0x0000000700c00000| PB 0x0000000700c00000| Untracked 
|   6|0x0000000700c00000, 0x0000000700e00000, 0x0000000700e00000|100%| O|  |TAMS 0x0000000700e00000| PB 0x0000000700e00000| Untracked 
|   7|0x0000000700e00000, 0x0000000701000000, 0x0000000701000000|100%| O|  |TAMS 0x0000000701000000| PB 0x0000000701000000| Untracked 
|   8|0x0000000701000000, 0x0000000701200000, 0x0000000701200000|100%| O|  |TAMS 0x0000000701200000| PB 0x0000000701200000| Untracked 
|   9|0x0000000701200000, 0x0000000701400000, 0x0000000701400000|100%| O|  |TAMS 0x0000000701400000| PB 0x0000000701400000| Untracked 
|  10|0x0000000701400000, 0x0000000701600000, 0x0000000701600000|100%| O|  |TAMS 0x0000000701600000| PB 0x0000000701600000| Updating 
|  11|0x0000000701600000, 0x0000000701800000, 0x0000000701800000|100%| O|  |TAMS 0x0000000701800000| PB 0x0000000701800000| Untracked 
|  12|0x0000000701800000, 0x0000000701a00000, 0x0000000701a00000|100%| O|  |TAMS 0x0000000701a00000| PB 0x0000000701a00000| Untracked 
|  13|0x0000000701a00000, 0x0000000701c00000, 0x0000000701c00000|100%| O|  |TAMS 0x0000000701c00000| PB 0x0000000701c00000| Untracked 
|  14|0x0000000701c00000, 0x0000000701e00000, 0x0000000701e00000|100%| O|  |TAMS 0x0000000701e00000| PB 0x0000000701e00000| Untracked 
|  15|0x0000000701e00000, 0x0000000702000000, 0x0000000702000000|100%| O|  |TAMS 0x0000000702000000| PB 0x0000000702000000| Updating 
|  16|0x0000000702000000, 0x0000000702200000, 0x0000000702200000|100%| O|  |TAMS 0x0000000702200000| PB 0x0000000702200000| Updating 
|  17|0x0000000702200000, 0x0000000702400000, 0x0000000702400000|100%| O|  |TAMS 0x0000000702400000| PB 0x0000000702400000| Updating 
|  18|0x0000000702400000, 0x0000000702600000, 0x0000000702600000|100%| O|  |TAMS 0x0000000702600000| PB 0x0000000702600000| Untracked 
|  19|0x0000000702600000, 0x0000000702800000, 0x0000000702800000|100%| O|  |TAMS 0x0000000702800000| PB 0x0000000702800000| Untracked 
|  20|0x0000000702800000, 0x0000000702a00000, 0x0000000702a00000|100%| O|  |TAMS 0x0000000702a00000| PB 0x0000000702a00000| Updating 
|  21|0x0000000702a00000, 0x0000000702c00000, 0x0000000702c00000|100%| O|  |TAMS 0x0000000702c00000| PB 0x0000000702c00000| Untracked 
|  22|0x0000000702c00000, 0x0000000702e00000, 0x0000000702e00000|100%| O|  |TAMS 0x0000000702e00000| PB 0x0000000702e00000| Untracked 
|  23|0x0000000702e00000, 0x0000000703000000, 0x0000000703000000|100%| O|  |TAMS 0x0000000703000000| PB 0x0000000703000000| Updating 
|  24|0x0000000703000000, 0x0000000703200000, 0x0000000703200000|100%|HS|  |TAMS 0x0000000703200000| PB 0x0000000703000000| Complete 
|  25|0x0000000703200000, 0x0000000703400000, 0x0000000703400000|100%| O|  |TAMS 0x0000000703400000| PB 0x0000000703400000| Updating 
|  26|0x0000000703400000, 0x0000000703600000, 0x0000000703600000|100%| O|  |TAMS 0x0000000703600000| PB 0x0000000703600000| Updating 
|  27|0x0000000703600000, 0x0000000703800000, 0x0000000703800000|100%| O|  |TAMS 0x0000000703800000| PB 0x0000000703800000| Untracked 
|  28|0x0000000703800000, 0x0000000703a00000, 0x0000000703a00000|100%| O|  |TAMS 0x0000000703a00000| PB 0x0000000703a00000| Untracked 
|  29|0x0000000703a00000, 0x0000000703c00000, 0x0000000703c00000|100%|HS|  |TAMS 0x0000000703c00000| PB 0x0000000703a00000| Complete 
|  30|0x0000000703c00000, 0x0000000703e00000, 0x0000000703e00000|100%| O|  |TAMS 0x0000000703e00000| PB 0x0000000703e00000| Untracked 
|  31|0x0000000703e00000, 0x0000000704000000, 0x0000000704000000|100%| O|  |TAMS 0x0000000704000000| PB 0x0000000704000000| Updating 
|  32|0x0000000704000000, 0x0000000704200000, 0x0000000704200000|100%| O|  |TAMS 0x0000000704200000| PB 0x0000000704200000| Untracked 
|  33|0x0000000704200000, 0x0000000704400000, 0x0000000704400000|100%| O|  |TAMS 0x0000000704400000| PB 0x0000000704400000| Untracked 
|  34|0x0000000704400000, 0x0000000704600000, 0x0000000704600000|100%| O|  |TAMS 0x0000000704600000| PB 0x0000000704600000| Untracked 
|  35|0x0000000704600000, 0x0000000704800000, 0x0000000704800000|100%| O|  |TAMS 0x0000000704800000| PB 0x0000000704800000| Untracked 
|  36|0x0000000704800000, 0x0000000704a00000, 0x0000000704a00000|100%| O|  |TAMS 0x0000000704a00000| PB 0x0000000704a00000| Updating 
|  37|0x0000000704a00000, 0x0000000704c00000, 0x0000000704c00000|100%| O|  |TAMS 0x0000000704c00000| PB 0x0000000704c00000| Updating 
|  38|0x0000000704c00000, 0x0000000704e00000, 0x0000000704e00000|100%| O|  |TAMS 0x0000000704e00000| PB 0x0000000704e00000| Untracked 
|  39|0x0000000704e00000, 0x0000000705000000, 0x0000000705000000|100%| O|  |TAMS 0x0000000705000000| PB 0x0000000705000000| Untracked 
|  40|0x0000000705000000, 0x0000000705200000, 0x0000000705200000|100%| O|  |TAMS 0x0000000705200000| PB 0x0000000705200000| Untracked 
|  41|0x0000000705200000, 0x0000000705400000, 0x0000000705400000|100%| O|  |TAMS 0x0000000705400000| PB 0x0000000705400000| Updating 
|  42|0x0000000705400000, 0x0000000705600000, 0x0000000705600000|100%| O|  |TAMS 0x0000000705600000| PB 0x0000000705600000| Updating 
|  43|0x0000000705600000, 0x0000000705800000, 0x0000000705800000|100%| O|  |TAMS 0x0000000705800000| PB 0x0000000705800000| Updating 
|  44|0x0000000705800000, 0x0000000705a00000, 0x0000000705a00000|100%| O|  |TAMS 0x0000000705a00000| PB 0x0000000705a00000| Updating 
|  45|0x0000000705a00000, 0x0000000705c00000, 0x0000000705c00000|100%| O|  |TAMS 0x0000000705c00000| PB 0x0000000705c00000| Updating 
|  46|0x0000000705c00000, 0x0000000705e00000, 0x0000000705e00000|100%| O|  |TAMS 0x0000000705e00000| PB 0x0000000705e00000| Updating 
|  47|0x0000000705e00000, 0x0000000706000000, 0x0000000706000000|100%| O|  |TAMS 0x0000000706000000| PB 0x0000000706000000| Untracked 
|  48|0x0000000706000000, 0x0000000706200000, 0x0000000706200000|100%| O|  |TAMS 0x0000000706200000| PB 0x0000000706200000| Untracked 
|  49|0x0000000706200000, 0x0000000706400000, 0x0000000706400000|100%| O|  |TAMS 0x0000000706400000| PB 0x0000000706400000| Untracked 
|  50|0x0000000706400000, 0x0000000706600000, 0x0000000706600000|100%| O|  |TAMS 0x0000000706600000| PB 0x0000000706600000| Updating 
|  51|0x0000000706600000, 0x0000000706800000, 0x0000000706800000|100%| O|  |TAMS 0x0000000706800000| PB 0x0000000706800000| Untracked 
|  52|0x0000000706800000, 0x0000000706a00000, 0x0000000706a00000|100%| O|  |TAMS 0x0000000706a00000| PB 0x0000000706a00000| Untracked 
|  53|0x0000000706a00000, 0x0000000706c00000, 0x0000000706c00000|100%| O|  |TAMS 0x0000000706c00000| PB 0x0000000706c00000| Updating 
|  54|0x0000000706c00000, 0x0000000706e00000, 0x0000000706e00000|100%| O|  |TAMS 0x0000000706e00000| PB 0x0000000706e00000| Updating 
|  55|0x0000000706e00000, 0x0000000707000000, 0x0000000707000000|100%| O|  |TAMS 0x0000000707000000| PB 0x0000000707000000| Untracked 
|  56|0x0000000707000000, 0x0000000707200000, 0x0000000707200000|100%| O|  |TAMS 0x0000000707200000| PB 0x0000000707200000| Updating 
|  57|0x0000000707200000, 0x0000000707400000, 0x0000000707400000|100%| O|  |TAMS 0x0000000707400000| PB 0x0000000707400000| Untracked 
|  58|0x0000000707400000, 0x0000000707600000, 0x0000000707600000|100%| O|  |TAMS 0x0000000707600000| PB 0x0000000707600000| Updating 
|  59|0x0000000707600000, 0x0000000707800000, 0x0000000707800000|100%|HS|  |TAMS 0x0000000707800000| PB 0x0000000707600000| Complete 
|  60|0x0000000707800000, 0x0000000707a00000, 0x0000000707a00000|100%| O|  |TAMS 0x0000000707a00000| PB 0x0000000707a00000| Untracked 
|  61|0x0000000707a00000, 0x0000000707c00000, 0x0000000707c00000|100%| O|  |TAMS 0x0000000707c00000| PB 0x0000000707c00000| Untracked 
|  62|0x0000000707c00000, 0x0000000707e00000, 0x0000000707e00000|100%| O|  |TAMS 0x0000000707e00000| PB 0x0000000707e00000| Updating 
|  63|0x0000000707e00000, 0x0000000708000000, 0x0000000708000000|100%| O|  |TAMS 0x0000000708000000| PB 0x0000000708000000| Updating 
|  64|0x0000000708000000, 0x0000000708200000, 0x0000000708200000|100%| O|  |TAMS 0x0000000708200000| PB 0x0000000708200000| Untracked 
|  65|0x0000000708200000, 0x0000000708400000, 0x0000000708400000|100%| O|  |TAMS 0x0000000708400000| PB 0x0000000708400000| Updating 
|  66|0x0000000708400000, 0x0000000708600000, 0x0000000708600000|100%| O|  |TAMS 0x0000000708600000| PB 0x0000000708600000| Updating 
|  67|0x0000000708600000, 0x0000000708800000, 0x0000000708800000|100%|HS|  |TAMS 0x0000000708800000| PB 0x0000000708600000| Complete 
|  68|0x0000000708800000, 0x0000000708a00000, 0x0000000708a00000|100%|HC|  |TAMS 0x0000000708a00000| PB 0x0000000708800000| Complete 
|  69|0x0000000708a00000, 0x0000000708c00000, 0x0000000708c00000|100%| O|  |TAMS 0x0000000708c00000| PB 0x0000000708c00000| Untracked 
|  70|0x0000000708c00000, 0x0000000708e00000, 0x0000000708e00000|100%| O|  |TAMS 0x0000000708e00000| PB 0x0000000708e00000| Updating 
|  71|0x0000000708e00000, 0x0000000709000000, 0x0000000709000000|100%| O|  |TAMS 0x0000000709000000| PB 0x0000000709000000| Updating 
|  72|0x0000000709000000, 0x0000000709200000, 0x0000000709200000|100%| O|  |TAMS 0x0000000709200000| PB 0x0000000709200000| Updating 
|  73|0x0000000709200000, 0x0000000709400000, 0x0000000709400000|100%| O|  |TAMS 0x0000000709400000| PB 0x0000000709400000| Updating 
|  74|0x0000000709400000, 0x0000000709600000, 0x0000000709600000|100%| O|  |TAMS 0x0000000709600000| PB 0x0000000709600000| Updating 
|  75|0x0000000709600000, 0x0000000709800000, 0x0000000709800000|100%| O|  |TAMS 0x0000000709800000| PB 0x0000000709800000| Updating 
|  76|0x0000000709800000, 0x0000000709a00000, 0x0000000709a00000|100%| O|  |TAMS 0x0000000709a00000| PB 0x0000000709a00000| Untracked 
|  77|0x0000000709a00000, 0x0000000709c00000, 0x0000000709c00000|100%| O|  |TAMS 0x0000000709c00000| PB 0x0000000709c00000| Updating 
|  78|0x0000000709c00000, 0x0000000709e00000, 0x0000000709e00000|100%| O|  |TAMS 0x0000000709e00000| PB 0x0000000709e00000| Untracked 
|  79|0x0000000709e00000, 0x000000070a000000, 0x000000070a000000|100%| O|  |TAMS 0x000000070a000000| PB 0x000000070a000000| Updating 
|  80|0x000000070a000000, 0x000000070a200000, 0x000000070a200000|100%| O|  |TAMS 0x000000070a200000| PB 0x000000070a200000| Untracked 
|  81|0x000000070a200000, 0x000000070a400000, 0x000000070a400000|100%| O|  |TAMS 0x000000070a400000| PB 0x000000070a400000| Updating 
|  82|0x000000070a400000, 0x000000070a600000, 0x000000070a600000|100%| O|  |TAMS 0x000000070a600000| PB 0x000000070a600000| Updating 
|  83|0x000000070a600000, 0x000000070a800000, 0x000000070a800000|100%| O|  |TAMS 0x000000070a800000| PB 0x000000070a800000| Updating 
|  84|0x000000070a800000, 0x000000070aa00000, 0x000000070aa00000|100%| O|  |TAMS 0x000000070aa00000| PB 0x000000070aa00000| Updating 
|  85|0x000000070aa00000, 0x000000070ac00000, 0x000000070ac00000|100%| O|  |TAMS 0x000000070ac00000| PB 0x000000070ac00000| Updating 
|  86|0x000000070ac00000, 0x000000070ae00000, 0x000000070ae00000|100%| O|  |TAMS 0x000000070ae00000| PB 0x000000070ae00000| Updating 
|  87|0x000000070ae00000, 0x000000070b000000, 0x000000070b000000|100%| O|  |TAMS 0x000000070b000000| PB 0x000000070b000000| Updating 
|  88|0x000000070b000000, 0x000000070b200000, 0x000000070b200000|100%| O|  |TAMS 0x000000070b200000| PB 0x000000070b200000| Updating 
|  89|0x000000070b200000, 0x000000070b400000, 0x000000070b400000|100%| O|  |TAMS 0x000000070b400000| PB 0x000000070b400000| Untracked 
|  90|0x000000070b400000, 0x000000070b600000, 0x000000070b600000|100%| O|  |TAMS 0x000000070b600000| PB 0x000000070b600000| Updating 
|  91|0x000000070b600000, 0x000000070b800000, 0x000000070b800000|100%| O|  |TAMS 0x000000070b800000| PB 0x000000070b800000| Updating 
|  92|0x000000070b800000, 0x000000070ba00000, 0x000000070ba00000|100%| O|  |TAMS 0x000000070ba00000| PB 0x000000070ba00000| Updating 
|  93|0x000000070ba00000, 0x000000070bc00000, 0x000000070bc00000|100%| O|  |TAMS 0x000000070bc00000| PB 0x000000070bc00000| Updating 
|  94|0x000000070bc00000, 0x000000070bc00000, 0x000000070be00000|  0%| F|  |TAMS 0x000000070bc00000| PB 0x000000070bc00000| Untracked 
|  95|0x000000070be00000, 0x000000070c000000, 0x000000070c000000|100%| O|  |TAMS 0x000000070c000000| PB 0x000000070c000000| Updating 
|  96|0x000000070c000000, 0x000000070c000000, 0x000000070c200000|  0%| F|  |TAMS 0x000000070c000000| PB 0x000000070c000000| Untracked 
|  97|0x000000070c200000, 0x000000070c400000, 0x000000070c400000|100%| O|  |TAMS 0x000000070c400000| PB 0x000000070c400000| Updating 
|  98|0x000000070c400000, 0x000000070c600000, 0x000000070c600000|100%| O|  |TAMS 0x000000070c600000| PB 0x000000070c600000| Untracked 
|  99|0x000000070c600000, 0x000000070c800000, 0x000000070c800000|100%| O|  |TAMS 0x000000070c800000| PB 0x000000070c800000| Untracked 
| 100|0x000000070c800000, 0x000000070ca00000, 0x000000070ca00000|100%| O|  |TAMS 0x000000070ca00000| PB 0x000000070ca00000| Updating 
| 101|0x000000070ca00000, 0x000000070cc00000, 0x000000070cc00000|100%| O|  |TAMS 0x000000070cc00000| PB 0x000000070cc00000| Updating 
| 102|0x000000070cc00000, 0x000000070ce00000, 0x000000070ce00000|100%| O|  |TAMS 0x000000070ce00000| PB 0x000000070ce00000| Updating 
| 103|0x000000070ce00000, 0x000000070d000000, 0x000000070d000000|100%| O|  |TAMS 0x000000070d000000| PB 0x000000070d000000| Updating 
| 104|0x000000070d000000, 0x000000070d200000, 0x000000070d200000|100%|HS|  |TAMS 0x000000070d200000| PB 0x000000070d000000| Complete 
| 105|0x000000070d200000, 0x000000070d400000, 0x000000070d400000|100%| O|  |TAMS 0x000000070d400000| PB 0x000000070d400000| Updating 
| 106|0x000000070d400000, 0x000000070d600000, 0x000000070d600000|100%| O|  |TAMS 0x000000070d600000| PB 0x000000070d600000| Updating 
| 107|0x000000070d600000, 0x000000070d800000, 0x000000070d800000|100%| O|  |TAMS 0x000000070d800000| PB 0x000000070d800000| Untracked 
| 108|0x000000070d800000, 0x000000070da00000, 0x000000070da00000|100%| O|  |TAMS 0x000000070da00000| PB 0x000000070da00000| Untracked 
| 109|0x000000070da00000, 0x000000070dc00000, 0x000000070dc00000|100%|HS|  |TAMS 0x000000070dc00000| PB 0x000000070da00000| Complete 
| 110|0x000000070dc00000, 0x000000070de00000, 0x000000070de00000|100%| O|  |TAMS 0x000000070de00000| PB 0x000000070de00000| Updating 
| 111|0x000000070de00000, 0x000000070e000000, 0x000000070e000000|100%| O|  |TAMS 0x000000070e000000| PB 0x000000070e000000| Untracked 
| 112|0x000000070e000000, 0x000000070e200000, 0x000000070e200000|100%| O|  |TAMS 0x000000070e200000| PB 0x000000070e200000| Untracked 
| 113|0x000000070e200000, 0x000000070e400000, 0x000000070e400000|100%| O|  |TAMS 0x000000070e400000| PB 0x000000070e400000| Untracked 
| 114|0x000000070e400000, 0x000000070e600000, 0x000000070e600000|100%| O|  |TAMS 0x000000070e600000| PB 0x000000070e600000| Updating 
| 115|0x000000070e600000, 0x000000070e800000, 0x000000070e800000|100%| O|  |TAMS 0x000000070e800000| PB 0x000000070e800000| Untracked 
| 116|0x000000070e800000, 0x000000070e8175e8, 0x000000070ea00000|  4%| O|  |TAMS 0x000000070e8175e8| PB 0x000000070e8175e8| Updating 
| 117|0x000000070ea00000, 0x000000070ec00000, 0x000000070ec00000|100%| O|  |TAMS 0x000000070ec00000| PB 0x000000070ec00000| Untracked 
| 118|0x000000070ec00000, 0x000000070ec00000, 0x000000070ee00000|  0%| F|  |TAMS 0x000000070ec00000| PB 0x000000070ec00000| Untracked 
| 119|0x000000070ee00000, 0x000000070f000000, 0x000000070f000000|100%| O|  |TAMS 0x000000070f000000| PB 0x000000070f000000| Updating 
| 120|0x000000070f000000, 0x000000070f200000, 0x000000070f200000|100%| O|  |TAMS 0x000000070f200000| PB 0x000000070f200000| Updating 
| 121|0x000000070f200000, 0x000000070f400000, 0x000000070f400000|100%| O|  |TAMS 0x000000070f400000| PB 0x000000070f400000| Updating 
| 122|0x000000070f400000, 0x000000070f600000, 0x000000070f600000|100%| O|  |TAMS 0x000000070f600000| PB 0x000000070f600000| Updating 
| 123|0x000000070f600000, 0x000000070f600000, 0x000000070f800000|  0%| F|  |TAMS 0x000000070f600000| PB 0x000000070f600000| Untracked 
| 124|0x000000070f800000, 0x000000070f800000, 0x000000070fa00000|  0%| F|  |TAMS 0x000000070f800000| PB 0x000000070f800000| Untracked 
| 125|0x000000070fa00000, 0x000000070fc00000, 0x000000070fc00000|100%| O|  |TAMS 0x000000070fc00000| PB 0x000000070fc00000| Updating 
| 126|0x000000070fc00000, 0x000000070fc00000, 0x000000070fe00000|  0%| F|  |TAMS 0x000000070fc00000| PB 0x000000070fc00000| Untracked 
| 127|0x000000070fe00000, 0x000000070fe00000, 0x0000000710000000|  0%| F|  |TAMS 0x000000070fe00000| PB 0x000000070fe00000| Untracked 
| 128|0x0000000710000000, 0x0000000710000000, 0x0000000710200000|  0%| F|  |TAMS 0x0000000710000000| PB 0x0000000710000000| Untracked 
| 129|0x0000000710200000, 0x0000000710200000, 0x0000000710400000|  0%| F|  |TAMS 0x0000000710200000| PB 0x0000000710200000| Untracked 
| 130|0x0000000710400000, 0x0000000710400000, 0x0000000710600000|  0%| F|  |TAMS 0x0000000710400000| PB 0x0000000710400000| Untracked 
| 131|0x0000000710600000, 0x0000000710800000, 0x0000000710800000|100%| O|  |TAMS 0x0000000710800000| PB 0x0000000710800000| Updating 
| 132|0x0000000710800000, 0x0000000710a00000, 0x0000000710a00000|100%| O|  |TAMS 0x0000000710a00000| PB 0x0000000710a00000| Updating 
| 133|0x0000000710a00000, 0x0000000710c00000, 0x0000000710c00000|100%| O|  |TAMS 0x0000000710c00000| PB 0x0000000710c00000| Updating 
| 134|0x0000000710c00000, 0x0000000710e00000, 0x0000000710e00000|100%| O|  |TAMS 0x0000000710e00000| PB 0x0000000710e00000| Updating 
| 135|0x0000000710e00000, 0x0000000711000000, 0x0000000711000000|100%| O|  |TAMS 0x0000000711000000| PB 0x0000000711000000| Updating 
| 136|0x0000000711000000, 0x0000000711200000, 0x0000000711200000|100%| O|  |TAMS 0x0000000711200000| PB 0x0000000711200000| Updating 
| 137|0x0000000711200000, 0x0000000711200000, 0x0000000711400000|  0%| F|  |TAMS 0x0000000711200000| PB 0x0000000711200000| Untracked 
| 138|0x0000000711400000, 0x0000000711600000, 0x0000000711600000|100%| O|  |TAMS 0x0000000711600000| PB 0x0000000711600000| Updating 
| 139|0x0000000711600000, 0x0000000711800000, 0x0000000711800000|100%| O|  |TAMS 0x0000000711800000| PB 0x0000000711800000| Updating 
| 140|0x0000000711800000, 0x0000000711a00000, 0x0000000711a00000|100%| O|  |TAMS 0x0000000711a00000| PB 0x0000000711a00000| Updating 
| 141|0x0000000711a00000, 0x0000000711c00000, 0x0000000711c00000|100%| O|  |TAMS 0x0000000711c00000| PB 0x0000000711c00000| Updating 
| 142|0x0000000711c00000, 0x0000000711e00000, 0x0000000711e00000|100%| O|  |TAMS 0x0000000711e00000| PB 0x0000000711e00000| Updating 
| 143|0x0000000711e00000, 0x0000000712000000, 0x0000000712000000|100%| O|  |TAMS 0x0000000712000000| PB 0x0000000712000000| Updating 
| 144|0x0000000712000000, 0x0000000712200000, 0x0000000712200000|100%| O|  |TAMS 0x0000000712200000| PB 0x0000000712200000| Updating 
| 145|0x0000000712200000, 0x0000000712400000, 0x0000000712400000|100%| O|  |TAMS 0x0000000712400000| PB 0x0000000712400000| Untracked 
| 146|0x0000000712400000, 0x0000000712400000, 0x0000000712600000|  0%| F|  |TAMS 0x0000000712400000| PB 0x0000000712400000| Untracked 
| 147|0x0000000712600000, 0x0000000712800000, 0x0000000712800000|100%| O|  |TAMS 0x0000000712800000| PB 0x0000000712800000| Updating 
| 148|0x0000000712800000, 0x0000000712a00000, 0x0000000712a00000|100%| O|  |TAMS 0x0000000712a00000| PB 0x0000000712a00000| Updating 
| 149|0x0000000712a00000, 0x0000000712c00000, 0x0000000712c00000|100%| O|  |TAMS 0x0000000712c00000| PB 0x0000000712c00000| Updating 
| 150|0x0000000712c00000, 0x0000000712e00000, 0x0000000712e00000|100%| O|  |TAMS 0x0000000712e00000| PB 0x0000000712e00000| Updating 
| 151|0x0000000712e00000, 0x0000000713000000, 0x0000000713000000|100%| O|  |TAMS 0x0000000713000000| PB 0x0000000713000000| Updating 
| 152|0x0000000713000000, 0x0000000713200000, 0x0000000713200000|100%| O|  |TAMS 0x0000000713200000| PB 0x0000000713200000| Updating 
| 153|0x0000000713200000, 0x0000000713400000, 0x0000000713400000|100%| O|  |TAMS 0x0000000713400000| PB 0x0000000713400000| Updating 
| 154|0x0000000713400000, 0x0000000713600000, 0x0000000713600000|100%| O|  |TAMS 0x0000000713600000| PB 0x0000000713600000| Updating 
| 155|0x0000000713600000, 0x0000000713600000, 0x0000000713800000|  0%| F|  |TAMS 0x0000000713600000| PB 0x0000000713600000| Untracked 
| 156|0x0000000713800000, 0x0000000713a00000, 0x0000000713a00000|100%| O|  |TAMS 0x0000000713a00000| PB 0x0000000713a00000| Updating 
| 157|0x0000000713a00000, 0x0000000713a00000, 0x0000000713c00000|  0%| F|  |TAMS 0x0000000713a00000| PB 0x0000000713a00000| Untracked 
| 158|0x0000000713c00000, 0x0000000713c00000, 0x0000000713e00000|  0%| F|  |TAMS 0x0000000713c00000| PB 0x0000000713c00000| Untracked 
| 159|0x0000000713e00000, 0x0000000714000000, 0x0000000714000000|100%| O|  |TAMS 0x0000000714000000| PB 0x0000000714000000| Updating 
| 160|0x0000000714000000, 0x0000000714200000, 0x0000000714200000|100%| O|  |TAMS 0x0000000714200000| PB 0x0000000714200000| Updating 
| 161|0x0000000714200000, 0x0000000714400000, 0x0000000714400000|100%| O|  |TAMS 0x0000000714400000| PB 0x0000000714400000| Updating 
| 162|0x0000000714400000, 0x0000000714600000, 0x0000000714600000|100%| O|  |TAMS 0x0000000714600000| PB 0x0000000714600000| Updating 
| 163|0x0000000714600000, 0x0000000714800000, 0x0000000714800000|100%| O|  |TAMS 0x0000000714800000| PB 0x0000000714800000| Updating 
| 164|0x0000000714800000, 0x0000000714800000, 0x0000000714a00000|  0%| F|  |TAMS 0x0000000714800000| PB 0x0000000714800000| Untracked 
| 165|0x0000000714a00000, 0x0000000714a00000, 0x0000000714c00000|  0%| F|  |TAMS 0x0000000714a00000| PB 0x0000000714a00000| Untracked 
| 166|0x0000000714c00000, 0x0000000714e00000, 0x0000000714e00000|100%| O|  |TAMS 0x0000000714e00000| PB 0x0000000714e00000| Updating 
| 167|0x0000000714e00000, 0x0000000715000000, 0x0000000715000000|100%|HS|  |TAMS 0x0000000714e00000| PB 0x0000000714e00000| Complete 
| 168|0x0000000715000000, 0x0000000715200000, 0x0000000715200000|100%|HC|  |TAMS 0x0000000715000000| PB 0x0000000715000000| Complete 
| 169|0x0000000715200000, 0x0000000715400000, 0x0000000715400000|100%|HC|  |TAMS 0x0000000715200000| PB 0x0000000715200000| Complete 
| 170|0x0000000715400000, 0x0000000715600000, 0x0000000715600000|100%|HC|  |TAMS 0x0000000715400000| PB 0x0000000715400000| Complete 
| 171|0x0000000715600000, 0x0000000715600000, 0x0000000715800000|  0%| F|  |TAMS 0x0000000715600000| PB 0x0000000715600000| Untracked 
| 172|0x0000000715800000, 0x0000000715a00000, 0x0000000715a00000|100%| O|  |TAMS 0x0000000715a00000| PB 0x0000000715a00000| Untracked 
| 173|0x0000000715a00000, 0x0000000715c00000, 0x0000000715c00000|100%|HS|  |TAMS 0x0000000715c00000| PB 0x0000000715a00000| Complete 
| 174|0x0000000715c00000, 0x0000000715e00000, 0x0000000715e00000|100%|HC|  |TAMS 0x0000000715e00000| PB 0x0000000715c00000| Complete 
| 175|0x0000000715e00000, 0x0000000716000000, 0x0000000716000000|100%|HC|  |TAMS 0x0000000716000000| PB 0x0000000715e00000| Complete 
| 176|0x0000000716000000, 0x0000000716200000, 0x0000000716200000|100%|HC|  |TAMS 0x0000000716200000| PB 0x0000000716000000| Complete 
| 177|0x0000000716200000, 0x0000000716400000, 0x0000000716400000|100%|HC|  |TAMS 0x0000000716400000| PB 0x0000000716200000| Complete 
| 178|0x0000000716400000, 0x0000000716600000, 0x0000000716600000|100%|HC|  |TAMS 0x0000000716600000| PB 0x0000000716400000| Complete 
| 179|0x0000000716600000, 0x0000000716800000, 0x0000000716800000|100%|HC|  |TAMS 0x0000000716800000| PB 0x0000000716600000| Complete 
| 180|0x0000000716800000, 0x0000000716a00000, 0x0000000716a00000|100%|HC|  |TAMS 0x0000000716a00000| PB 0x0000000716800000| Complete 
| 181|0x0000000716a00000, 0x0000000716c00000, 0x0000000716c00000|100%|HS|  |TAMS 0x0000000716a00000| PB 0x0000000716a00000| Complete 
| 182|0x0000000716c00000, 0x0000000716e00000, 0x0000000716e00000|100%|HC|  |TAMS 0x0000000716c00000| PB 0x0000000716c00000| Complete 
| 183|0x0000000716e00000, 0x0000000717000000, 0x0000000717000000|100%|HC|  |TAMS 0x0000000716e00000| PB 0x0000000716e00000| Complete 
| 184|0x0000000717000000, 0x0000000717200000, 0x0000000717200000|100%|HC|  |TAMS 0x0000000717000000| PB 0x0000000717000000| Complete 
| 185|0x0000000717200000, 0x0000000717400000, 0x0000000717400000|100%|HC|  |TAMS 0x0000000717200000| PB 0x0000000717200000| Complete 
| 186|0x0000000717400000, 0x0000000717600000, 0x0000000717600000|100%|HS|  |TAMS 0x0000000717400000| PB 0x0000000717400000| Complete 
| 187|0x0000000717600000, 0x0000000717800000, 0x0000000717800000|100%|HC|  |TAMS 0x0000000717600000| PB 0x0000000717600000| Complete 
| 188|0x0000000717800000, 0x0000000717a00000, 0x0000000717a00000|100%|HC|  |TAMS 0x0000000717800000| PB 0x0000000717800000| Complete 
| 189|0x0000000717a00000, 0x0000000717c00000, 0x0000000717c00000|100%|HC|  |TAMS 0x0000000717a00000| PB 0x0000000717a00000| Complete 
| 190|0x0000000717c00000, 0x0000000717e00000, 0x0000000717e00000|100%|HC|  |TAMS 0x0000000717c00000| PB 0x0000000717c00000| Complete 
| 191|0x0000000717e00000, 0x0000000718000000, 0x0000000718000000|100%|HC|  |TAMS 0x0000000717e00000| PB 0x0000000717e00000| Complete 
| 192|0x0000000718000000, 0x0000000718200000, 0x0000000718200000|100%|HC|  |TAMS 0x0000000718000000| PB 0x0000000718000000| Complete 
| 193|0x0000000718200000, 0x0000000718400000, 0x0000000718400000|100%|HC|  |TAMS 0x0000000718200000| PB 0x0000000718200000| Complete 
| 194|0x0000000718400000, 0x0000000718600000, 0x0000000718600000|100%|HC|  |TAMS 0x0000000718400000| PB 0x0000000718400000| Complete 
| 195|0x0000000718600000, 0x0000000718800000, 0x0000000718800000|100%|HC|  |TAMS 0x0000000718600000| PB 0x0000000718600000| Complete 
| 196|0x0000000718800000, 0x0000000718a00000, 0x0000000718a00000|100%|HC|  |TAMS 0x0000000718800000| PB 0x0000000718800000| Complete 
| 197|0x0000000718a00000, 0x0000000718c00000, 0x0000000718c00000|100%|HC|  |TAMS 0x0000000718a00000| PB 0x0000000718a00000| Complete 
| 198|0x0000000718c00000, 0x0000000718e00000, 0x0000000718e00000|100%|HC|  |TAMS 0x0000000718c00000| PB 0x0000000718c00000| Complete 
| 199|0x0000000718e00000, 0x0000000719000000, 0x0000000719000000|100%|HC|  |TAMS 0x0000000718e00000| PB 0x0000000718e00000| Complete 
| 200|0x0000000719000000, 0x0000000719200000, 0x0000000719200000|100%|HC|  |TAMS 0x0000000719000000| PB 0x0000000719000000| Complete 
| 201|0x0000000719200000, 0x0000000719400000, 0x0000000719400000|100%|HC|  |TAMS 0x0000000719200000| PB 0x0000000719200000| Complete 
| 202|0x0000000719400000, 0x0000000719600000, 0x0000000719600000|100%|HC|  |TAMS 0x0000000719400000| PB 0x0000000719400000| Complete 
| 203|0x0000000719600000, 0x0000000719800000, 0x0000000719800000|100%|HC|  |TAMS 0x0000000719600000| PB 0x0000000719600000| Complete 
| 204|0x0000000719800000, 0x0000000719a00000, 0x0000000719a00000|100%|HC|  |TAMS 0x0000000719800000| PB 0x0000000719800000| Complete 
| 205|0x0000000719a00000, 0x0000000719c00000, 0x0000000719c00000|100%|HC|  |TAMS 0x0000000719a00000| PB 0x0000000719a00000| Complete 
| 206|0x0000000719c00000, 0x0000000719e00000, 0x0000000719e00000|100%|HS|  |TAMS 0x0000000719c00000| PB 0x0000000719c00000| Complete 
| 207|0x0000000719e00000, 0x000000071a000000, 0x000000071a000000|100%|HC|  |TAMS 0x0000000719e00000| PB 0x0000000719e00000| Complete 
| 208|0x000000071a000000, 0x000000071a200000, 0x000000071a200000|100%|HC|  |TAMS 0x000000071a000000| PB 0x000000071a000000| Complete 
| 209|0x000000071a200000, 0x000000071a400000, 0x000000071a400000|100%|HC|  |TAMS 0x000000071a200000| PB 0x000000071a200000| Complete 
| 210|0x000000071a400000, 0x000000071a600000, 0x000000071a600000|100%|HC|  |TAMS 0x000000071a400000| PB 0x000000071a400000| Complete 
| 211|0x000000071a600000, 0x000000071a600000, 0x000000071a800000|  0%| F|  |TAMS 0x000000071a600000| PB 0x000000071a600000| Untracked 
| 212|0x000000071a800000, 0x000000071a800000, 0x000000071aa00000|  0%| F|  |TAMS 0x000000071a800000| PB 0x000000071a800000| Untracked 
| 213|0x000000071aa00000, 0x000000071aa00000, 0x000000071ac00000|  0%| F|  |TAMS 0x000000071aa00000| PB 0x000000071aa00000| Untracked 
| 214|0x000000071ac00000, 0x000000071ac00000, 0x000000071ae00000|  0%| F|  |TAMS 0x000000071ac00000| PB 0x000000071ac00000| Untracked 
| 215|0x000000071ae00000, 0x000000071ae00000, 0x000000071b000000|  0%| F|  |TAMS 0x000000071ae00000| PB 0x000000071ae00000| Untracked 
| 216|0x000000071b000000, 0x000000071b000000, 0x000000071b200000|  0%| F|  |TAMS 0x000000071b000000| PB 0x000000071b000000| Untracked 
| 217|0x000000071b200000, 0x000000071b200000, 0x000000071b400000|  0%| F|  |TAMS 0x000000071b200000| PB 0x000000071b200000| Untracked 
| 218|0x000000071b400000, 0x000000071b400000, 0x000000071b600000|  0%| F|  |TAMS 0x000000071b400000| PB 0x000000071b400000| Untracked 
| 219|0x000000071b600000, 0x000000071b600000, 0x000000071b800000|  0%| F|  |TAMS 0x000000071b600000| PB 0x000000071b600000| Untracked 
| 220|0x000000071b800000, 0x000000071b800000, 0x000000071ba00000|  0%| F|  |TAMS 0x000000071b800000| PB 0x000000071b800000| Untracked 
| 221|0x000000071ba00000, 0x000000071ba00000, 0x000000071bc00000|  0%| F|  |TAMS 0x000000071ba00000| PB 0x000000071ba00000| Untracked 
| 222|0x000000071bc00000, 0x000000071bc00000, 0x000000071be00000|  0%| F|  |TAMS 0x000000071bc00000| PB 0x000000071bc00000| Untracked 
| 223|0x000000071be00000, 0x000000071be00000, 0x000000071c000000|  0%| F|  |TAMS 0x000000071be00000| PB 0x000000071be00000| Untracked 
| 224|0x000000071c000000, 0x000000071c000000, 0x000000071c200000|  0%| F|  |TAMS 0x000000071c000000| PB 0x000000071c000000| Untracked 
| 225|0x000000071c200000, 0x000000071c200000, 0x000000071c400000|  0%| F|  |TAMS 0x000000071c200000| PB 0x000000071c200000| Untracked 
| 226|0x000000071c400000, 0x000000071c400000, 0x000000071c600000|  0%| F|  |TAMS 0x000000071c400000| PB 0x000000071c400000| Untracked 
| 227|0x000000071c600000, 0x000000071c600000, 0x000000071c800000|  0%| F|  |TAMS 0x000000071c600000| PB 0x000000071c600000| Untracked 
| 228|0x000000071c800000, 0x000000071c800000, 0x000000071ca00000|  0%| F|  |TAMS 0x000000071c800000| PB 0x000000071c800000| Untracked 
| 229|0x000000071ca00000, 0x000000071ca00000, 0x000000071cc00000|  0%| F|  |TAMS 0x000000071ca00000| PB 0x000000071ca00000| Untracked 
| 230|0x000000071cc00000, 0x000000071cc00000, 0x000000071ce00000|  0%| F|  |TAMS 0x000000071cc00000| PB 0x000000071cc00000| Untracked 
| 231|0x000000071ce00000, 0x000000071ce00000, 0x000000071d000000|  0%| F|  |TAMS 0x000000071ce00000| PB 0x000000071ce00000| Untracked 
| 232|0x000000071d000000, 0x000000071d000000, 0x000000071d200000|  0%| F|  |TAMS 0x000000071d000000| PB 0x000000071d000000| Untracked 
| 233|0x000000071d200000, 0x000000071d200000, 0x000000071d400000|  0%| F|  |TAMS 0x000000071d200000| PB 0x000000071d200000| Untracked 
| 234|0x000000071d400000, 0x000000071d400000, 0x000000071d600000|  0%| F|  |TAMS 0x000000071d400000| PB 0x000000071d400000| Untracked 
| 235|0x000000071d600000, 0x000000071d600000, 0x000000071d800000|  0%| F|  |TAMS 0x000000071d600000| PB 0x000000071d600000| Untracked 
| 236|0x000000071d800000, 0x000000071d800000, 0x000000071da00000|  0%| F|  |TAMS 0x000000071d800000| PB 0x000000071d800000| Untracked 
| 237|0x000000071da00000, 0x000000071da00000, 0x000000071dc00000|  0%| F|  |TAMS 0x000000071da00000| PB 0x000000071da00000| Untracked 
| 238|0x000000071dc00000, 0x000000071dc00000, 0x000000071de00000|  0%| F|  |TAMS 0x000000071dc00000| PB 0x000000071dc00000| Untracked 
| 239|0x000000071de00000, 0x000000071de00000, 0x000000071e000000|  0%| F|  |TAMS 0x000000071de00000| PB 0x000000071de00000| Untracked 
| 240|0x000000071e000000, 0x000000071e000000, 0x000000071e200000|  0%| F|  |TAMS 0x000000071e000000| PB 0x000000071e000000| Untracked 
| 241|0x000000071e200000, 0x000000071e200000, 0x000000071e400000|  0%| F|  |TAMS 0x000000071e200000| PB 0x000000071e200000| Untracked 
| 242|0x000000071e400000, 0x000000071e400000, 0x000000071e600000|  0%| F|  |TAMS 0x000000071e400000| PB 0x000000071e400000| Untracked 
| 243|0x000000071e600000, 0x000000071e600000, 0x000000071e800000|  0%| F|  |TAMS 0x000000071e600000| PB 0x000000071e600000| Untracked 
| 244|0x000000071e800000, 0x000000071e800000, 0x000000071ea00000|  0%| F|  |TAMS 0x000000071e800000| PB 0x000000071e800000| Untracked 
| 245|0x000000071ea00000, 0x000000071ea00000, 0x000000071ec00000|  0%| F|  |TAMS 0x000000071ea00000| PB 0x000000071ea00000| Untracked 
| 246|0x000000071ec00000, 0x000000071ec00000, 0x000000071ee00000|  0%| F|  |TAMS 0x000000071ec00000| PB 0x000000071ec00000| Untracked 
| 247|0x000000071ee00000, 0x000000071ee00000, 0x000000071f000000|  0%| F|  |TAMS 0x000000071ee00000| PB 0x000000071ee00000| Untracked 
| 248|0x000000071f000000, 0x000000071f000000, 0x000000071f200000|  0%| F|  |TAMS 0x000000071f000000| PB 0x000000071f000000| Untracked 
| 249|0x000000071f200000, 0x000000071f200000, 0x000000071f400000|  0%| F|  |TAMS 0x000000071f200000| PB 0x000000071f200000| Untracked 
| 250|0x000000071f400000, 0x000000071f400000, 0x000000071f600000|  0%| F|  |TAMS 0x000000071f400000| PB 0x000000071f400000| Untracked 
| 251|0x000000071f600000, 0x000000071f600000, 0x000000071f800000|  0%| F|  |TAMS 0x000000071f600000| PB 0x000000071f600000| Untracked 
| 252|0x000000071f800000, 0x000000071f800000, 0x000000071fa00000|  0%| F|  |TAMS 0x000000071f800000| PB 0x000000071f800000| Untracked 
| 253|0x000000071fa00000, 0x000000071fa00000, 0x000000071fc00000|  0%| F|  |TAMS 0x000000071fa00000| PB 0x000000071fa00000| Untracked 
| 254|0x000000071fc00000, 0x000000071fc00000, 0x000000071fe00000|  0%| F|  |TAMS 0x000000071fc00000| PB 0x000000071fc00000| Untracked 
| 255|0x000000071fe00000, 0x000000071fe00000, 0x0000000720000000|  0%| F|  |TAMS 0x000000071fe00000| PB 0x000000071fe00000| Untracked 
| 256|0x0000000720000000, 0x0000000720000000, 0x0000000720200000|  0%| F|  |TAMS 0x0000000720000000| PB 0x0000000720000000| Untracked 
| 257|0x0000000720200000, 0x0000000720200000, 0x0000000720400000|  0%| F|  |TAMS 0x0000000720200000| PB 0x0000000720200000| Untracked 
| 258|0x0000000720400000, 0x0000000720400000, 0x0000000720600000|  0%| F|  |TAMS 0x0000000720400000| PB 0x0000000720400000| Untracked 
| 259|0x0000000720600000, 0x0000000720600000, 0x0000000720800000|  0%| F|  |TAMS 0x0000000720600000| PB 0x0000000720600000| Untracked 
| 260|0x0000000720800000, 0x0000000720800000, 0x0000000720a00000|  0%| F|  |TAMS 0x0000000720800000| PB 0x0000000720800000| Untracked 
|2025|0x00000007fd200000, 0x00000007fd200000, 0x00000007fd400000|  0%| F|  |TAMS 0x00000007fd200000| PB 0x00000007fd200000| Untracked 
|2026|0x00000007fd400000, 0x00000007fd400000, 0x00000007fd600000|  0%| F|  |TAMS 0x00000007fd400000| PB 0x00000007fd400000| Untracked 
|2027|0x00000007fd600000, 0x00000007fd600000, 0x00000007fd800000|  0%| F|  |TAMS 0x00000007fd600000| PB 0x00000007fd600000| Untracked 
|2028|0x00000007fd800000, 0x00000007fd800000, 0x00000007fda00000|  0%| F|  |TAMS 0x00000007fd800000| PB 0x00000007fd800000| Untracked 
|2029|0x00000007fda00000, 0x00000007fda00000, 0x00000007fdc00000|  0%| F|  |TAMS 0x00000007fda00000| PB 0x00000007fda00000| Untracked 
|2030|0x00000007fdc00000, 0x00000007fdc00000, 0x00000007fde00000|  0%| F|  |TAMS 0x00000007fdc00000| PB 0x00000007fdc00000| Untracked 
|2031|0x00000007fde00000, 0x00000007fde00000, 0x00000007fe000000|  0%| F|  |TAMS 0x00000007fde00000| PB 0x00000007fde00000| Untracked 
|2032|0x00000007fe000000, 0x00000007fe000000, 0x00000007fe200000|  0%| F|  |TAMS 0x00000007fe000000| PB 0x00000007fe000000| Untracked 
|2033|0x00000007fe200000, 0x00000007fe200000, 0x00000007fe400000|  0%| F|  |TAMS 0x00000007fe200000| PB 0x00000007fe200000| Untracked 
|2034|0x00000007fe400000, 0x00000007fe400000, 0x00000007fe600000|  0%| F|  |TAMS 0x00000007fe400000| PB 0x00000007fe400000| Untracked 
|2035|0x00000007fe600000, 0x00000007fe600000, 0x00000007fe800000|  0%| F|  |TAMS 0x00000007fe600000| PB 0x00000007fe600000| Untracked 
|2036|0x00000007fe800000, 0x00000007fe800000, 0x00000007fea00000|  0%| F|  |TAMS 0x00000007fe800000| PB 0x00000007fe800000| Untracked 
|2037|0x00000007fea00000, 0x00000007fea00000, 0x00000007fec00000|  0%| F|  |TAMS 0x00000007fea00000| PB 0x00000007fea00000| Untracked 
|2038|0x00000007fec00000, 0x00000007fed237a0, 0x00000007fee00000| 56%| E|  |TAMS 0x00000007fec00000| PB 0x00000007fec00000| Complete 
|2039|0x00000007fee00000, 0x00000007fef9aca0, 0x00000007ff000000| 80%| E|  |TAMS 0x00000007fee00000| PB 0x00000007fee00000| Complete 
|2040|0x00000007ff000000, 0x00000007ff200000, 0x00000007ff200000|100%| E|CS|TAMS 0x00000007ff000000| PB 0x00000007ff000000| Complete 
|2041|0x00000007ff200000, 0x00000007ff400000, 0x00000007ff400000|100%| E|CS|TAMS 0x00000007ff200000| PB 0x00000007ff200000| Complete 
|2042|0x00000007ff400000, 0x00000007ff5b6a60, 0x00000007ff600000| 85%| S|CS|TAMS 0x00000007ff400000| PB 0x00000007ff400000| Complete 
|2043|0x00000007ff600000, 0x00000007ff800000, 0x00000007ff800000|100%| S|CS|TAMS 0x00000007ff600000| PB 0x00000007ff600000| Complete 
|2044|0x00000007ff800000, 0x00000007ffa00000, 0x00000007ffa00000|100%| S|CS|TAMS 0x00000007ff800000| PB 0x00000007ff800000| Complete 
|2045|0x00000007ffa00000, 0x00000007ffc00000, 0x00000007ffc00000|100%| S|CS|TAMS 0x00000007ffa00000| PB 0x00000007ffa00000| Complete 
|2046|0x00000007ffc00000, 0x00000007ffe00000, 0x00000007ffe00000|100%| O|  |TAMS 0x00000007ffe00000| PB 0x00000007ffe00000| Updating 
|2047|0x00000007ffe00000, 0x0000000800000000, 0x0000000800000000|100%| E|CS|TAMS 0x00000007ffe00000| PB 0x00000007ffe00000| Complete 

Card table byte_map: [0x000002544ad60000,0x000002544b560000] _byte_map_base: 0x0000025447560000

Marking Bits: (CMBitMap*) 0x0000025432947020
 Bits: [0x000002544b560000, 0x000002544f560000)

Polling page: 0x0000025430630000

Metaspace:

Usage:
  Non-class:    203.93 MB used.
      Class:     29.92 MB used.
       Both:    233.85 MB used.

Virtual space:
  Non-class space:      256.00 MB reserved,     205.38 MB ( 80%) committed,  4 nodes.
      Class space:      832.00 MB reserved,      31.31 MB (  4%) committed,  1 nodes.
             Both:        1.06 GB reserved,     236.69 MB ( 22%) committed. 

Chunk freelists:
   Non-Class:  1.73 MB
       Class:  752.00 KB
        Both:  2.47 MB

MaxMetaspaceSize: 1.00 GB
CompressedClassSpaceSize: 832.00 MB
Initial GC threshold: 21.00 MB
Current GC threshold: 390.94 MB
CDS: on
 - commit_granule_bytes: 65536.
 - commit_granule_words: 8192.
 - virtual_space_node_default_size: 8388608.
 - enlarge_chunks_in_place: 1.
 - use_allocation_guard: 0.


Internal statistics:

num_allocs_failed_limit: 9.
num_arena_births: 5274.
num_arena_deaths: 92.
num_vsnodes_births: 5.
num_vsnodes_deaths: 0.
num_space_committed: 3876.
num_space_uncommitted: 27.
num_chunks_returned_to_freelist: 468.
num_chunks_taken_from_freelist: 15907.
num_chunk_merges: 140.
num_chunk_splits: 10933.
num_chunks_enlarged: 7654.
num_inconsistent_stats: 0.

CodeHeap 'non-profiled nmethods': size=120000Kb used=19656Kb max_used=25351Kb free=100343Kb
 bounds [0x0000025442ae0000, 0x00000254443b0000, 0x000002544a010000]
CodeHeap 'profiled nmethods': size=120000Kb used=40374Kb max_used=73658Kb free=79625Kb
 bounds [0x000002543b010000, 0x000002543f860000, 0x0000025442540000]
CodeHeap 'non-nmethods': size=5760Kb used=2424Kb max_used=2494Kb free=3335Kb
 bounds [0x0000025442540000, 0x00000254427d0000, 0x0000025442ae0000]
CodeCache: size=245760Kb, used=62454Kb, max_used=101503Kb, free=183303Kb
 total_blobs=20536, nmethods=19301, adapters=1137, full_count=0
Compilation: enabled, stopped_count=0, restarted_count=0

Compilation events (20 events):
Event: 133.745 Thread 0x00000254521d15c0 47274       3       com.android.builder.internal.packaging.ApkFlinger$3::apply (9 bytes)
Event: 133.745 Thread 0x00000254521d15c0 nmethod 47274 0x000002543c2b1490 code [0x000002543c2b1640, 0x000002543c2b1878]
Event: 133.745 Thread 0x00000254521d15c0 47275       3       com.android.builder.internal.packaging.ApkFlinger$3::apply (19 bytes)
Event: 133.746 Thread 0x00000254521d15c0 nmethod 47275 0x000002543d9a1710 code [0x000002543d9a18c0, 0x000002543d9a1ad0]
Event: 133.746 Thread 0x00000254521d15c0 47276   !   3       java.util.zip.Deflater::finish (23 bytes)
Event: 133.746 Thread 0x00000254521d15c0 nmethod 47276 0x000002543c2d8810 code [0x000002543c2d89c0, 0x000002543c2d8bd0]
Event: 133.750 Thread 0x0000025499ba40f0 nmethod 47252 0x0000025442be3d10 code [0x0000025442be3ec0, 0x0000025442be43d0]
Event: 133.750 Thread 0x0000025499ba40f0 47270       4       jdk.internal.misc.Unsafe::getInt (7 bytes)
Event: 133.750 Thread 0x0000025499ba40f0 nmethod 47270 0x0000025443510f10 code [0x00000254435110a0, 0x0000025443511130]
Event: 133.750 Thread 0x0000025499ba40f0 47253       4       com.google.common.collect.ImmutableList::iterator (5 bytes)
Event: 133.751 Thread 0x0000025499ba40f0 nmethod 47253 0x0000025443515b90 code [0x0000025443515d20, 0x0000025443515dd0]
Event: 133.751 Thread 0x0000025499ba40f0 47277       4       com.google.common.collect.AbstractMapEntry::<init> (5 bytes)
Event: 133.751 Thread 0x00000254521d15c0 47278  s    3       java.util.Properties::put (10 bytes)
Event: 133.752 Thread 0x00000254521d15c0 nmethod 47278 0x000002543e721090 code [0x000002543e721240, 0x000002543e7214b0]
Event: 133.752 Thread 0x0000025499ba40f0 nmethod 47277 0x0000025443534a90 code [0x0000025443534c20, 0x0000025443534ca8]
Event: 133.753 Thread 0x00000254521d15c0 47279       3       java.util.Properties::saveConvert (383 bytes)
Event: 133.755 Thread 0x00000254521d15c0 nmethod 47279 0x000002543b2a0910 code [0x000002543b2a0d80, 0x000002543b2a28e0]
Event: 133.792 Thread 0x0000025499ba40f0 47280       4       java.util.zip.Deflater::ensureOpen (47 bytes)
Event: 133.792 Thread 0x0000025499ba40f0 nmethod 47280 0x000002544353b490 code [0x000002544353b620, 0x000002544353b6f0]
Event: 133.825 Thread 0x0000025499ba3a20 nmethod 47239 0x0000025443551e10 code [0x0000025443552400, 0x0000025443554c00]

GC Heap History (20 events):
Event: 115.183 GC heap before
{Heap before GC invocations=86 (full 0):
 garbage-first heap   total 540672K, used 466857K [0x0000000700000000, 0x0000000800000000)
  region size 2048K, 82 young (167936K), 4 survivors (8192K)
 Metaspace       used 219561K, committed 222336K, reserved 1048576K
  class space    used 28264K, committed 29632K, reserved 851968K
}
Event: 115.195 GC heap after
{Heap after GC invocations=87 (full 0):
 garbage-first heap   total 540672K, used 332861K [0x0000000700000000, 0x0000000800000000)
  region size 2048K, 12 young (24576K), 12 survivors (24576K)
 Metaspace       used 219561K, committed 222336K, reserved 1048576K
  class space    used 28264K, committed 29632K, reserved 851968K
}
Event: 117.496 GC heap before
{Heap before GC invocations=88 (full 0):
 garbage-first heap   total 552960K, used 496701K [0x0000000700000000, 0x0000000800000000)
  region size 2048K, 89 young (182272K), 12 survivors (24576K)
 Metaspace       used 227543K, committed 230400K, reserved 1114112K
  class space    used 29165K, committed 30592K, reserved 851968K
}
Event: 117.514 GC heap after
{Heap after GC invocations=89 (full 0):
 garbage-first heap   total 552960K, used 360704K [0x0000000700000000, 0x0000000800000000)
  region size 2048K, 12 young (24576K), 12 survivors (24576K)
 Metaspace       used 227543K, committed 230400K, reserved 1114112K
  class space    used 29165K, committed 30592K, reserved 851968K
}
Event: 119.222 GC heap before
{Heap before GC invocations=89 (full 0):
 garbage-first heap   total 552960K, used 493824K [0x0000000700000000, 0x0000000800000000)
  region size 2048K, 78 young (159744K), 12 survivors (24576K)
 Metaspace       used 233022K, committed 235840K, reserved 1114112K
  class space    used 29853K, committed 31232K, reserved 851968K
}
Event: 119.247 GC heap after
{Heap after GC invocations=90 (full 0):
 garbage-first heap   total 565248K, used 348062K [0x0000000700000000, 0x0000000800000000)
  region size 2048K, 8 young (16384K), 8 survivors (16384K)
 Metaspace       used 233022K, committed 235840K, reserved 1114112K
  class space    used 29853K, committed 31232K, reserved 851968K
}
Event: 121.078 GC heap before
{Heap before GC invocations=90 (full 0):
 garbage-first heap   total 565248K, used 501662K [0x0000000700000000, 0x0000000800000000)
  region size 2048K, 84 young (172032K), 8 survivors (16384K)
 Metaspace       used 237214K, committed 240064K, reserved 1114112K
  class space    used 30377K, committed 31808K, reserved 851968K
}
Event: 121.087 GC heap after
{Heap after GC invocations=91 (full 0):
 garbage-first heap   total 565248K, used 347172K [0x0000000700000000, 0x0000000800000000)
  region size 2048K, 3 young (6144K), 3 survivors (6144K)
 Metaspace       used 237214K, committed 240064K, reserved 1114112K
  class space    used 30377K, committed 31808K, reserved 851968K
}
Event: 126.592 GC heap before
{Heap before GC invocations=91 (full 0):
 garbage-first heap   total 565248K, used 386084K [0x0000000700000000, 0x0000000800000000)
  region size 2048K, 24 young (49152K), 3 survivors (6144K)
 Metaspace       used 237436K, committed 240320K, reserved 1114112K
  class space    used 30403K, committed 31808K, reserved 851968K
}
Event: 126.597 GC heap after
{Heap after GC invocations=92 (full 0):
 garbage-first heap   total 565248K, used 349853K [0x0000000700000000, 0x0000000800000000)
  region size 2048K, 5 young (10240K), 5 survivors (10240K)
 Metaspace       used 237436K, committed 240320K, reserved 1114112K
  class space    used 30403K, committed 31808K, reserved 851968K
}
Event: 129.052 GC heap before
{Heap before GC invocations=93 (full 0):
 garbage-first heap   total 581632K, used 501405K [0x0000000700000000, 0x0000000800000000)
  region size 2048K, 82 young (167936K), 5 survivors (10240K)
 Metaspace       used 237762K, committed 240576K, reserved 1114112K
  class space    used 30460K, committed 31872K, reserved 851968K
}
Event: 129.064 GC heap after
{Heap after GC invocations=94 (full 0):
 garbage-first heap   total 581632K, used 363612K [0x0000000700000000, 0x0000000800000000)
  region size 2048K, 11 young (22528K), 11 survivors (22528K)
 Metaspace       used 237762K, committed 240576K, reserved 1114112K
  class space    used 30460K, committed 31872K, reserved 851968K
}
Event: 129.394 GC heap before
{Heap before GC invocations=94 (full 0):
 garbage-first heap   total 581632K, used 519260K [0x0000000700000000, 0x0000000800000000)
  region size 2048K, 88 young (180224K), 11 survivors (22528K)
 Metaspace       used 237952K, committed 240768K, reserved 1114112K
  class space    used 30468K, committed 31872K, reserved 851968K
}
Event: 129.411 GC heap after
{Heap after GC invocations=95 (full 0):
 garbage-first heap   total 581632K, used 326811K [0x0000000700000000, 0x0000000800000000)
  region size 2048K, 4 young (8192K), 4 survivors (8192K)
 Metaspace       used 237952K, committed 240768K, reserved 1114112K
  class space    used 30468K, committed 31872K, reserved 851968K
}
Event: 133.001 GC heap before
{Heap before GC invocations=95 (full 0):
 garbage-first heap   total 581632K, used 502939K [0x0000000700000000, 0x0000000800000000)
  region size 2048K, 91 young (186368K), 4 survivors (8192K)
 Metaspace       used 238079K, committed 240896K, reserved 1114112K
  class space    used 30476K, committed 31872K, reserved 851968K
}
Event: 133.011 GC heap after
{Heap after GC invocations=96 (full 0):
 garbage-first heap   total 581632K, used 324676K [0x0000000700000000, 0x0000000800000000)
  region size 2048K, 6 young (12288K), 6 survivors (12288K)
 Metaspace       used 238079K, committed 240896K, reserved 1114112K
  class space    used 30476K, committed 31872K, reserved 851968K
}
Event: 133.701 GC heap before
{Heap before GC invocations=96 (full 0):
 garbage-first heap   total 581632K, used 351300K [0x0000000700000000, 0x0000000800000000)
  region size 2048K, 20 young (40960K), 6 survivors (12288K)
 Metaspace       used 239398K, committed 242240K, reserved 1114112K
  class space    used 30631K, committed 32000K, reserved 851968K
}
Event: 133.704 GC heap after
{Heap after GC invocations=97 (full 0):
 garbage-first heap   total 581632K, used 320893K [0x0000000700000000, 0x0000000800000000)
  region size 2048K, 4 young (8192K), 4 survivors (8192K)
 Metaspace       used 239398K, committed 242240K, reserved 1114112K
  class space    used 30631K, committed 32000K, reserved 851968K
}
Event: 133.714 GC heap before
{Heap before GC invocations=97 (full 0):
 garbage-first heap   total 581632K, used 337277K [0x0000000700000000, 0x0000000800000000)
  region size 2048K, 5 young (10240K), 4 survivors (8192K)
 Metaspace       used 239411K, committed 242304K, reserved 1114112K
  class space    used 30633K, committed 32064K, reserved 851968K
}
Event: 133.718 GC heap after
{Heap after GC invocations=98 (full 0):
 garbage-first heap   total 581632K, used 337720K [0x0000000700000000, 0x0000000800000000)
  region size 2048K, 4 young (8192K), 4 survivors (8192K)
 Metaspace       used 239411K, committed 242304K, reserved 1114112K
  class space    used 30633K, committed 32064K, reserved 851968K
}

Dll operation events (19 events):
Event: 0.014 Loaded shared library C:\Users\Aalaa Adel\.gradle\jdks\amazon_com_inc_-21-amd64-windows.2\bin\java.dll
Event: 0.096 Loaded shared library C:\Users\Aalaa Adel\.gradle\jdks\amazon_com_inc_-21-amd64-windows.2\bin\jsvml.dll
Event: 0.144 Loaded shared library C:\Users\Aalaa Adel\.gradle\jdks\amazon_com_inc_-21-amd64-windows.2\bin\zip.dll
Event: 0.150 Loaded shared library C:\Users\Aalaa Adel\.gradle\jdks\amazon_com_inc_-21-amd64-windows.2\bin\instrument.dll
Event: 0.158 Loaded shared library C:\Users\Aalaa Adel\.gradle\jdks\amazon_com_inc_-21-amd64-windows.2\bin\net.dll
Event: 0.161 Loaded shared library C:\Users\Aalaa Adel\.gradle\jdks\amazon_com_inc_-21-amd64-windows.2\bin\nio.dll
Event: 0.164 Loaded shared library C:\Users\Aalaa Adel\.gradle\jdks\amazon_com_inc_-21-amd64-windows.2\bin\zip.dll
Event: 0.457 Loaded shared library C:\Users\Aalaa Adel\.gradle\jdks\amazon_com_inc_-21-amd64-windows.2\bin\jimage.dll
Event: 0.902 Loaded shared library C:\Users\Aalaa Adel\.gradle\jdks\amazon_com_inc_-21-amd64-windows.2\bin\verify.dll
Event: 0.981 Loaded shared library C:\Users\Aalaa Adel\.gradle\native\660c5614fbf4a5f2a75b1949f50a0caf5cd603558e7d8a26e50b933a0cfb79d1\windows-amd64\native-platform.dll
Event: 1.001 Loaded shared library C:\Users\Aalaa Adel\.gradle\native\0.2.8\x86_64-windows-gnu\gradle-fileevents.dll
Event: 2.847 Loaded shared library C:\Users\Aalaa Adel\.gradle\jdks\amazon_com_inc_-21-amd64-windows.2\bin\management.dll
Event: 2.850 Loaded shared library C:\Users\Aalaa Adel\.gradle\jdks\amazon_com_inc_-21-amd64-windows.2\bin\management_ext.dll
Event: 3.148 Loaded shared library C:\Users\Aalaa Adel\.gradle\jdks\amazon_com_inc_-21-amd64-windows.2\bin\extnet.dll
Event: 3.549 Loaded shared library C:\Users\Aalaa Adel\.gradle\jdks\amazon_com_inc_-21-amd64-windows.2\bin\sunmscapi.dll
Event: 35.465 Loaded shared library C:\Users\Aalaa Adel\.gradle\jdks\amazon_com_inc_-21-amd64-windows.2\bin\awt.dll
Event: 56.061 Loaded shared library C:\Users\Aalaa Adel\AppData\Local\Temp\sqlite-3.41.2.2-c3a0b2c4-5a7e-44b9-8251-54b6f2a8bcdc-sqlitejdbc.dll
Event: 60.415 Loaded shared library C:\Users\Aalaa Adel\.gradle\jdks\amazon_com_inc_-21-amd64-windows.2\bin\rmi.dll
Event: 82.579 Unloaded dll "C:\Users\Aalaa Adel\AppData\Local\Temp\sqlite-3.41.2.2-c3a0b2c4-5a7e-44b9-8251-54b6f2a8bcdc-sqlitejdbc.dll" [0x00007ff8c2820000]

Deoptimization events (20 events):
Event: 133.705 Thread 0x0000025492c7f330 Uncommon trap: trap_request=0xffffff45 fr.pc=0x0000025442d9460c relative=0x000000000000014c
Event: 133.705 Thread 0x0000025492c7f330 Uncommon trap: reason=unstable_if action=reinterpret pc=0x0000025442d9460c method=java.lang.ThreadLocal.get(Ljava/lang/Thread;)Ljava/lang/Object; @ 7 c2
Event: 133.705 Thread 0x0000025492c7f330 DEOPT PACKING pc=0x0000025442d9460c sp=0x0000008adfffed00
Event: 133.706 Thread 0x0000025492c7f330 DEOPT UNPACKING pc=0x0000025442594422 sp=0x0000008adfffec98 mode 2
Event: 133.725 Thread 0x000002548e3f4bf0 Uncommon trap: trap_request=0xffffffc6 fr.pc=0x0000025443d2e48c relative=0x000000000000056c
Event: 133.725 Thread 0x000002548e3f4bf0 Uncommon trap: reason=bimorphic_or_optimized_type_check action=maybe_recompile pc=0x0000025443d2e48c method=com.google.common.collect.TransformedIterator.next()Ljava/lang/Object; @ 10 c2
Event: 133.725 Thread 0x000002548e3f4bf0 DEOPT PACKING pc=0x0000025443d2e48c sp=0x0000008ade8fded0
Event: 133.725 Thread 0x000002548e3f4bf0 DEOPT UNPACKING pc=0x0000025442594422 sp=0x0000008ade8fde98 mode 2
Event: 133.725 Thread 0x000002548e3f4bf0 Uncommon trap: trap_request=0xffffffc6 fr.pc=0x0000025443d2e48c relative=0x000000000000056c
Event: 133.725 Thread 0x000002548e3f4bf0 Uncommon trap: reason=bimorphic_or_optimized_type_check action=maybe_recompile pc=0x0000025443d2e48c method=com.google.common.collect.TransformedIterator.next()Ljava/lang/Object; @ 10 c2
Event: 133.725 Thread 0x000002548e3f4bf0 DEOPT PACKING pc=0x0000025443d2e48c sp=0x0000008ade8fded0
Event: 133.725 Thread 0x000002548e3f4bf0 DEOPT UNPACKING pc=0x0000025442594422 sp=0x0000008ade8fde98 mode 2
Event: 133.725 Thread 0x000002548e3f4bf0 Uncommon trap: trap_request=0xffffffc6 fr.pc=0x0000025443d2e48c relative=0x000000000000056c
Event: 133.725 Thread 0x000002548e3f4bf0 Uncommon trap: reason=bimorphic_or_optimized_type_check action=maybe_recompile pc=0x0000025443d2e48c method=com.google.common.collect.TransformedIterator.next()Ljava/lang/Object; @ 10 c2
Event: 133.725 Thread 0x000002548e3f4bf0 DEOPT PACKING pc=0x0000025443d2e48c sp=0x0000008ade8fded0
Event: 133.725 Thread 0x000002548e3f4bf0 DEOPT UNPACKING pc=0x0000025442594422 sp=0x0000008ade8fde98 mode 2
Event: 133.725 Thread 0x000002548e3f4bf0 Uncommon trap: trap_request=0xffffffc6 fr.pc=0x0000025443d2e48c relative=0x000000000000056c
Event: 133.725 Thread 0x000002548e3f4bf0 Uncommon trap: reason=bimorphic_or_optimized_type_check action=maybe_recompile pc=0x0000025443d2e48c method=com.google.common.collect.TransformedIterator.next()Ljava/lang/Object; @ 10 c2
Event: 133.725 Thread 0x000002548e3f4bf0 DEOPT PACKING pc=0x0000025443d2e48c sp=0x0000008ade8fded0
Event: 133.725 Thread 0x000002548e3f4bf0 DEOPT UNPACKING pc=0x0000025442594422 sp=0x0000008ade8fde98 mode 2

Classes loaded (20 events):
Event: 133.611 Loading class sun/security/tools/KeyStoreUtil
Event: 133.612 Loading class sun/security/tools/KeyStoreUtil done
Event: 133.620 Loading class java/security/KeyStore$PasswordProtection
Event: 133.620 Loading class java/security/KeyStore$PasswordProtection done
Event: 133.621 Loading class sun/security/pkcs/EncryptedPrivateKeyInfo
Event: 133.621 Loading class sun/security/pkcs/EncryptedPrivateKeyInfo done
Event: 133.631 Loading class java/security/KeyStore$PrivateKeyEntry
Event: 133.632 Loading class java/security/KeyStore$Entry
Event: 133.632 Loading class java/security/KeyStore$Entry done
Event: 133.632 Loading class java/security/KeyStore$PrivateKeyEntry done
Event: 133.654 Loading class java/util/stream/ReferencePipeline$15
Event: 133.654 Loading class java/util/stream/ReferencePipeline$15 done
Event: 133.656 Loading class java/util/stream/ReferencePipeline$15$1
Event: 133.656 Loading class java/util/stream/ReferencePipeline$15$1 done
Event: 133.684 Loading class java/security/SignatureException
Event: 133.684 Loading class java/security/SignatureException done
Event: 133.690 Loading class java/security/cert/CertificateEncodingException
Event: 133.690 Loading class java/security/cert/CertificateEncodingException done
Event: 133.698 Loading class java/util/concurrent/ForkJoinTask$AdaptedCallable
Event: 133.699 Loading class java/util/concurrent/ForkJoinTask$AdaptedCallable done

Classes unloaded (20 events):
Event: 126.767 Thread 0x000002545219e820 Unloading class 0x00000254557f6ec0 'jdk/internal/jimage/ImageHeader'
Event: 126.767 Thread 0x000002545219e820 Unloading class 0x00000254557f6c88 'jdk/internal/jimage/BasicImageReader$2'
Event: 126.767 Thread 0x000002545219e820 Unloading class 0x00000254557f5db8 'jdk/internal/jimage/BasicImageReader$1'
Event: 126.767 Thread 0x000002545219e820 Unloading class 0x00000254557f6a18 'jdk/internal/jimage/ImageReader$Resource'
Event: 126.767 Thread 0x000002545219e820 Unloading class 0x00000254557f67a8 'jdk/internal/jimage/ImageReader$LinkNode'
Event: 126.767 Thread 0x000002545219e820 Unloading class 0x00000254557f6538 'jdk/internal/jimage/ImageReader$Directory'
Event: 126.767 Thread 0x000002545219e820 Unloading class 0x00000254557f62c8 'jdk/internal/jimage/ImageReader$Node'
Event: 126.767 Thread 0x000002545219e820 Unloading class 0x00000254557f4e00 'jdk/internal/jimage/ImageStrings'
Event: 126.767 Thread 0x000002545219e820 Unloading class 0x00000254557f6000 'jdk/internal/jimage/ImageReader$SharedImageReader'
Event: 126.767 Thread 0x000002545219e820 Unloading class 0x00000254557f5af0 'jdk/internal/jimage/BasicImageReader'
Event: 126.767 Thread 0x000002545219e820 Unloading class 0x00000254557f58c8 'jdk/internal/jimage/ImageReader'
Event: 126.767 Thread 0x000002545219e820 Unloading class 0x00000254557f5698 'jdk/internal/jrtfs/SystemImage$2'
Event: 126.767 Thread 0x000002545219e820 Unloading class 0x00000254557f5478 'jdk/internal/jrtfs/SystemImage$$Lambda+0x00000254557f5478'
Event: 126.767 Thread 0x000002545219e820 Unloading class 0x00000254557f5240 'jdk/internal/jrtfs/ExplodedImage'
Event: 126.767 Thread 0x000002545219e820 Unloading class 0x00000254557f5000 'jdk/internal/jrtfs/SystemImage$1'
Event: 126.767 Thread 0x000002545219e820 Unloading class 0x00000254557f4be0 'jdk/internal/jrtfs/SystemImage'
Event: 126.767 Thread 0x000002545219e820 Unloading class 0x00000254557f4978 'jdk/internal/jrtfs/JrtFileStore'
Event: 126.767 Thread 0x000002545219e820 Unloading class 0x00000254557f45f8 'jdk/internal/jrtfs/JrtPath'
Event: 126.767 Thread 0x000002545219e820 Unloading class 0x00000254557f42f8 'jdk/internal/jrtfs/JrtFileSystem'
Event: 126.767 Thread 0x000002545219e820 Unloading class 0x00000254557f4000 'jdk/internal/jrtfs/JrtFileSystemProvider'

Classes redefined (0 events):
No events

Internal exceptions (20 events):
Event: 132.947 Thread 0x00000254a3130e90 Exception <a 'sun/nio/fs/WindowsException'{0x000000071acffc88}> (0x000000071acffc88) 
thrown [s\src\hotspot\share\prims\jni.cpp, line 520]
Event: 132.985 Thread 0x00000254a3130170 Exception <a 'sun/nio/fs/WindowsException'{0x00000007185dd3a0}> (0x00000007185dd3a0) 
thrown [s\src\hotspot\share\prims\jni.cpp, line 520]
Event: 132.985 Thread 0x00000254a86a57a0 Exception <a 'sun/nio/fs/WindowsException'{0x0000000718289d48}> (0x0000000718289d48) 
thrown [s\src\hotspot\share\prims\jni.cpp, line 520]
Event: 132.998 Thread 0x00000254980fcdd0 Exception <a 'sun/nio/fs/WindowsException'{0x0000000717cffec0}> (0x0000000717cffec0) 
thrown [s\src\hotspot\share\prims\jni.cpp, line 520]
Event: 133.095 Thread 0x0000025490e52570 Exception <a 'sun/nio/fs/WindowsException'{0x00000007ff320740}> (0x00000007ff320740) 
thrown [s\src\hotspot\share\prims\jni.cpp, line 520]
Event: 133.288 Thread 0x0000025491641250 Exception <a 'sun/nio/fs/WindowsException'{0x00000007ff3803b8}> (0x00000007ff3803b8) 
thrown [s\src\hotspot\share\prims\jni.cpp, line 520]
Event: 133.328 Thread 0x0000025491641250 Exception <a 'sun/nio/fs/WindowsException'{0x00000007ff387148}> (0x00000007ff387148) 
thrown [s\src\hotspot\share\prims\jni.cpp, line 520]
Event: 133.390 Thread 0x0000025491641250 Exception <a 'sun/nio/fs/WindowsException'{0x00000007ff1729d0}> (0x00000007ff1729d0) 
thrown [s\src\hotspot\share\prims\jni.cpp, line 520]
Event: 133.390 Thread 0x0000025491641250 Exception <a 'sun/nio/fs/WindowsException'{0x00000007ff173850}> (0x00000007ff173850) 
thrown [s\src\hotspot\share\prims\jni.cpp, line 520]
Event: 133.390 Thread 0x0000025491641250 Exception <a 'sun/nio/fs/WindowsException'{0x00000007ff173970}> (0x00000007ff173970) 
thrown [s\src\hotspot\share\prims\jni.cpp, line 520]
Event: 133.551 Thread 0x000002548e3f4bf0 Exception <a 'sun/nio/fs/WindowsException'{0x00000007fe8ec758}> (0x00000007fe8ec758) 
thrown [s\src\hotspot\share\prims\jni.cpp, line 520]
Event: 133.602 Thread 0x000002548e3f4bf0 Exception <a 'java/lang/NoSuchMethodError'{0x00000007fe9cfa78}: 'java.lang.Object java.lang.invoke.DirectMethodHandle$Holder.newInvokeSpecial(java.lang.Object, java.lang.Object, java.lang.Object, java.lang.Object, java.lang.Object, int, java.lang.Object)'> (0x00000007fe9cfa78) 
thrown [s\src\hotspot\share\interpreter\linkResolver.cpp, line 773]
Event: 133.602 Thread 0x000002548e3f4bf0 Exception <a 'java/lang/NoSuchMethodError'{0x00000007fe9d3c08}: 'java.lang.Object java.lang.invoke.DirectMethodHandle$Holder.invokeSpecial(java.lang.Object, java.lang.Object, java.lang.Object, java.lang.Object, java.lang.Object, java.lang.Object, int, java.lang.Object)'> (0x00000007fe9d3c08) 
thrown [s\src\hotspot\share\interpreter\linkResolver.cpp, line 773]
Event: 133.603 Thread 0x000002548e3f4bf0 Exception <a 'java/lang/NoSuchMethodError'{0x00000007fe9d7578}: 'java.lang.Object java.lang.invoke.Invokers$Holder.linkToTargetMethod(java.lang.Object, java.lang.Object, java.lang.Object, java.lang.Object, int, java.lang.Object, java.lang.Object)'> (0x00000007fe9d7578) 
thrown [s\src\hotspot\share\interpreter\linkResolver.cpp, line 773]
Event: 133.686 Thread 0x000002548e3f4bf0 Exception <a 'sun/nio/fs/WindowsException'{0x00000007fe5275a8}> (0x00000007fe5275a8) 
thrown [s\src\hotspot\share\prims\jni.cpp, line 520]
Event: 133.699 Thread 0x0000025493877e00 Implicit null exception at 0x00000254434614e7 to 0x00000254434633b0
Event: 133.699 Thread 0x0000025498504540 Implicit null exception at 0x00000254434614e7 to 0x00000254434633b0
Event: 133.700 Thread 0x0000025499edda40 Implicit null exception at 0x0000025443610c14 to 0x0000025443611ac8
Event: 133.700 Thread 0x00000254935711b0 Implicit null exception at 0x0000025442f4426c to 0x0000025442f44474
Event: 133.705 Thread 0x0000025492c7f330 Implicit null exception at 0x0000025442d9451c to 0x0000025442d945f0

ZGC Phase Switch (0 events):
No events

VM Operations (20 events):
Event: 132.944 Executing non-safepoint VM operation: HandshakeAllThreads (Deoptimize) done
Event: 132.944 Executing safepoint VM operation: Cleanup
Event: 132.944 Executing safepoint VM operation: Cleanup done
Event: 133.001 Executing safepoint VM operation: G1CollectForAllocation (G1 Evacuation Pause)
Event: 133.011 Executing safepoint VM operation: G1CollectForAllocation (G1 Evacuation Pause) done
Event: 133.383 Executing non-safepoint VM operation: HandshakeAllThreads (Deoptimize)
Event: 133.383 Executing non-safepoint VM operation: HandshakeAllThreads (Deoptimize) done
Event: 133.542 Executing non-safepoint VM operation: HandshakeAllThreads (Deoptimize)
Event: 133.543 Executing non-safepoint VM operation: HandshakeAllThreads (Deoptimize) done
Event: 133.562 Executing non-safepoint VM operation: HandshakeAllThreads (Deoptimize)
Event: 133.562 Executing non-safepoint VM operation: HandshakeAllThreads (Deoptimize) done
Event: 133.565 Executing non-safepoint VM operation: HandshakeAllThreads (Deoptimize)
Event: 133.566 Executing non-safepoint VM operation: HandshakeAllThreads (Deoptimize) done
Event: 133.607 Executing non-safepoint VM operation: HandshakeAllThreads (Deoptimize)
Event: 133.607 Executing non-safepoint VM operation: HandshakeAllThreads (Deoptimize) done
Event: 133.700 Executing safepoint VM operation: G1TryInitiateConcMark (G1 Humongous Allocation)
Event: 133.704 Executing safepoint VM operation: G1TryInitiateConcMark (G1 Humongous Allocation) done
Event: 133.708 Executing safepoint VM operation: G1TryInitiateConcMark (G1 Humongous Allocation)
Event: 133.718 Executing safepoint VM operation: G1TryInitiateConcMark (G1 Humongous Allocation) done
Event: 133.884 Executing safepoint VM operation: G1PauseRemark

Memory protections (0 events):
No events

Nmethod flushes (20 events):
Event: 133.899 Thread 0x000002545219e820 flushing  nmethod 0x000002543f379390
Event: 133.899 Thread 0x000002545219e820 flushing  nmethod 0x000002543f380010
Event: 133.899 Thread 0x000002545219e820 flushing  nmethod 0x000002543f381010
Event: 133.899 Thread 0x000002545219e820 flushing  nmethod 0x000002543f381d10
Event: 133.899 Thread 0x000002545219e820 flushing  nmethod 0x000002543f383b90
Event: 133.899 Thread 0x000002545219e820 flushing  nmethod 0x000002543f564810
Event: 133.899 Thread 0x000002545219e820 flushing  nmethod 0x000002543f57ee90
Event: 133.899 Thread 0x000002545219e820 flushing  nmethod 0x000002543f580490
Event: 133.899 Thread 0x000002545219e820 flushing  nmethod 0x000002543f581a10
Event: 133.899 Thread 0x000002545219e820 flushing  nmethod 0x000002543f61d310
Event: 133.899 Thread 0x000002545219e820 flushing  nmethod 0x000002543f620010
Event: 133.899 Thread 0x000002545219e820 flushing  nmethod 0x000002543f67d910
Event: 133.899 Thread 0x000002545219e820 flushing  nmethod 0x000002543f67e690
Event: 133.899 Thread 0x000002545219e820 flushing  nmethod 0x000002543f681210
Event: 133.899 Thread 0x000002545219e820 flushing  nmethod 0x000002543f684c90
Event: 133.899 Thread 0x000002545219e820 flushing  nmethod 0x000002543f686510
Event: 133.899 Thread 0x000002545219e820 flushing  nmethod 0x000002543f6e7d10
Event: 133.899 Thread 0x000002545219e820 flushing  nmethod 0x000002543f6ec110
Event: 133.899 Thread 0x000002545219e820 flushing  nmethod 0x000002543f6ed610
Event: 133.899 Thread 0x000002545219e820 flushing  nmethod 0x000002543f6f2090

Events (20 events):
Event: 128.144 Thread 0x0000025499ba5560 Thread exited: 0x0000025499ba5560
Event: 128.778 Thread 0x00000254521d15c0 Thread added: 0x0000025499ba3a20
Event: 128.812 Thread 0x00000254521d15c0 Thread added: 0x0000025499ba6300
Event: 128.913 Thread 0x0000025491641250 Thread added: 0x0000025490e52570
Event: 130.996 Thread 0x000002548e3f5280 Thread exited: 0x000002548e3f5280
Event: 131.909 Thread 0x0000025499ba6300 Thread exited: 0x0000025499ba6300
Event: 132.841 Thread 0x0000025499ba3a20 Thread exited: 0x0000025499ba3a20
Event: 132.934 Thread 0x00000254521c9f70 Thread added: 0x0000025499ba40f0
Event: 132.951 Thread 0x0000025499d5d910 Thread added: 0x00000254a8a95d10
Event: 132.961 Thread 0x00000254521d15c0 Thread added: 0x0000025499ba47c0
Event: 133.328 Thread 0x0000025499ba47c0 Thread exited: 0x0000025499ba47c0
Event: 133.366 Thread 0x00000254521d15c0 Thread added: 0x0000025499ba3a20
Event: 133.700 Thread 0x0000025499edda40 Thread added: 0x00000254935711b0
Event: 133.700 Thread 0x00000254935711b0 Thread added: 0x0000025492c7f330
Event: 133.705 Thread 0x0000025492c7f330 Thread added: 0x00000254a93a5960
Event: 133.706 Thread 0x00000254a93a5960 Thread added: 0x00000254a26ac4d0
Event: 133.707 Thread 0x00000254a26ac4d0 Thread added: 0x000002549884e7b0
Event: 133.707 Thread 0x000002549884e7b0 Thread added: 0x00000254a86a43f0
Event: 133.708 Thread 0x00000254a86a43f0 Thread added: 0x000002549884ee40
Event: 133.720 Thread 0x000002549884ee40 Thread added: 0x00000254a8c0a9e0


Dynamic libraries:
0x00007ff6e2580000 - 0x00007ff6e258e000 	C:\Users\Aalaa Adel\.gradle\jdks\amazon_com_inc_-21-amd64-windows.2\bin\java.exe
0x00007ff908f80000 - 0x00007ff9091e6000 	C:\WINDOWS\SYSTEM32\ntdll.dll
0x00007ff908350000 - 0x00007ff908419000 	C:\WINDOWS\System32\KERNEL32.DLL
0x00007ff906340000 - 0x00007ff90673a000 	C:\WINDOWS\System32\KERNELBASE.dll
0x00007ff906890000 - 0x00007ff9069dc000 	C:\WINDOWS\System32\ucrtbase.dll
0x00007ff8e18b0000 - 0x00007ff8e18c8000 	C:\Users\Aalaa Adel\.gradle\jdks\amazon_com_inc_-21-amd64-windows.2\bin\jli.dll
0x00007ff908bb0000 - 0x00007ff908d77000 	C:\WINDOWS\System32\USER32.dll
0x00007ff906c10000 - 0x00007ff906c37000 	C:\WINDOWS\System32\win32u.dll
0x00007ff907350000 - 0x00007ff90737b000 	C:\WINDOWS\System32\GDI32.dll
0x00007ff906210000 - 0x00007ff90633b000 	C:\WINDOWS\System32\gdi32full.dll
0x00007ff906c40000 - 0x00007ff906ce3000 	C:\WINDOWS\System32\msvcp_win.dll
0x00007ff8e1890000 - 0x00007ff8e18ae000 	C:\Users\Aalaa Adel\.gradle\jdks\amazon_com_inc_-21-amd64-windows.2\bin\VCRUNTIME140.dll
0x00007ff8f25d0000 - 0x00007ff8f2862000 	C:\WINDOWS\WinSxS\amd64_microsoft.windows.common-controls_6595b64144ccf1df_6.0.26100.8521_none_3e08b75ce33403b3\COMCTL32.dll
0x00007ff907380000 - 0x00007ff907429000 	C:\WINDOWS\System32\msvcrt.dll
0x00007ff908420000 - 0x00007ff908452000 	C:\WINDOWS\System32\IMM32.DLL
0x00007ff901e30000 - 0x00007ff901e3c000 	C:\Users\Aalaa Adel\.gradle\jdks\amazon_com_inc_-21-amd64-windows.2\bin\vcruntime140_1.dll
0x00007ff8ca310000 - 0x00007ff8ca399000 	C:\Users\Aalaa Adel\.gradle\jdks\amazon_com_inc_-21-amd64-windows.2\bin\msvcp140.dll
0x00007ff86e3b0000 - 0x00007ff86f158000 	C:\Users\Aalaa Adel\.gradle\jdks\amazon_com_inc_-21-amd64-windows.2\bin\server\jvm.dll
0x00007ff908af0000 - 0x00007ff908ba6000 	C:\WINDOWS\System32\ADVAPI32.dll
0x00007ff908480000 - 0x00007ff90852a000 	C:\WINDOWS\System32\sechost.dll
0x00007ff907230000 - 0x00007ff907348000 	C:\WINDOWS\System32\RPCRT4.dll
0x00007ff906fb0000 - 0x00007ff907030000 	C:\WINDOWS\System32\WS2_32.dll
0x00007ff906070000 - 0x00007ff9060ce000 	C:\WINDOWS\SYSTEM32\POWRPROF.dll
0x00007ff8fdc80000 - 0x00007ff8fdcb6000 	C:\WINDOWS\SYSTEM32\WINMM.dll
0x00007ff8fdcc0000 - 0x00007ff8fdccb000 	C:\WINDOWS\SYSTEM32\VERSION.dll
0x00007ff906050000 - 0x00007ff906064000 	C:\WINDOWS\SYSTEM32\UMPDC.dll
0x00007ff904f60000 - 0x00007ff904f7b000 	C:\WINDOWS\SYSTEM32\kernel.appcore.dll
0x00007ff8f4310000 - 0x00007ff8f431a000 	C:\Users\Aalaa Adel\.gradle\jdks\amazon_com_inc_-21-amd64-windows.2\bin\jimage.dll
0x00007ff8f8a70000 - 0x00007ff8f8cb2000 	C:\WINDOWS\SYSTEM32\DBGHELP.DLL
0x00007ff908700000 - 0x00007ff908a83000 	C:\WINDOWS\System32\combase.dll
0x00007ff906d00000 - 0x00007ff906dd9000 	C:\WINDOWS\System32\OLEAUT32.dll
0x00007ff8e9020000 - 0x00007ff8e905b000 	C:\WINDOWS\SYSTEM32\dbgcore.DLL
0x00007ff906b60000 - 0x00007ff906c08000 	C:\WINDOWS\System32\bcryptPrimitives.dll
0x00007ff8ed2d0000 - 0x00007ff8ed2e0000 	C:\Users\Aalaa Adel\.gradle\jdks\amazon_com_inc_-21-amd64-windows.2\bin\instrument.dll
0x00007ff8c3520000 - 0x00007ff8c3541000 	C:\Users\Aalaa Adel\.gradle\jdks\amazon_com_inc_-21-amd64-windows.2\bin\java.dll
0x00007ff907610000 - 0x00007ff907d94000 	C:\WINDOWS\System32\SHELL32.dll
0x00007ff903db0000 - 0x00007ff904630000 	C:\WINDOWS\SYSTEM32\windows.storage.dll
0x00007ff908530000 - 0x00007ff908626000 	C:\WINDOWS\System32\SHCORE.dll
0x00007ff906de0000 - 0x00007ff906e47000 	C:\WINDOWS\System32\shlwapi.dll
0x00007ff906130000 - 0x00007ff906159000 	C:\WINDOWS\SYSTEM32\profapi.dll
0x00007ff8c35c0000 - 0x00007ff8c3697000 	C:\Users\Aalaa Adel\.gradle\jdks\amazon_com_inc_-21-amd64-windows.2\bin\jsvml.dll
0x00007ff8d3660000 - 0x00007ff8d3678000 	C:\Users\Aalaa Adel\.gradle\jdks\amazon_com_inc_-21-amd64-windows.2\bin\zip.dll
0x00007ff8cfd60000 - 0x00007ff8cfd71000 	C:\Users\Aalaa Adel\.gradle\jdks\amazon_com_inc_-21-amd64-windows.2\bin\net.dll
0x00007ff8ff410000 - 0x00007ff8ff539000 	C:\WINDOWS\SYSTEM32\WINHTTP.dll
0x00007ff9054b0000 - 0x00007ff90551c000 	C:\WINDOWS\system32\mswsock.dll
0x00007ff8cd430000 - 0x00007ff8cd446000 	C:\Users\Aalaa Adel\.gradle\jdks\amazon_com_inc_-21-amd64-windows.2\bin\nio.dll
0x00007ff8ec410000 - 0x00007ff8ec420000 	C:\Users\Aalaa Adel\.gradle\jdks\amazon_com_inc_-21-amd64-windows.2\bin\verify.dll
0x00007ff8d6460000 - 0x00007ff8d6487000 	C:\Users\Aalaa Adel\.gradle\native\660c5614fbf4a5f2a75b1949f50a0caf5cd603558e7d8a26e50b933a0cfb79d1\windows-amd64\native-platform.dll
0x00007ff8ba5b0000 - 0x00007ff8ba627000 	C:\Users\Aalaa Adel\.gradle\native\0.2.8\x86_64-windows-gnu\gradle-fileevents.dll
0x00007ff8eaec0000 - 0x00007ff8eaeca000 	C:\Users\Aalaa Adel\.gradle\jdks\amazon_com_inc_-21-amd64-windows.2\bin\management.dll
0x00007ff8e98c0000 - 0x00007ff8e98cc000 	C:\Users\Aalaa Adel\.gradle\jdks\amazon_com_inc_-21-amd64-windows.2\bin\management_ext.dll
0x00007ff906cf0000 - 0x00007ff906cf8000 	C:\WINDOWS\System32\PSAPI.DLL
0x00007ff904930000 - 0x00007ff904963000 	C:\WINDOWS\SYSTEM32\IPHLPAPI.DLL
0x00007ff908230000 - 0x00007ff90823a000 	C:\WINDOWS\System32\NSI.dll
0x00007ff8e8ef0000 - 0x00007ff8e8ef9000 	C:\Users\Aalaa Adel\.gradle\jdks\amazon_com_inc_-21-amd64-windows.2\bin\extnet.dll
0x00007ff9058b0000 - 0x00007ff9058cb000 	C:\WINDOWS\SYSTEM32\CRYPTSP.dll
0x00007ff904ec0000 - 0x00007ff904ef9000 	C:\WINDOWS\system32\rsaenh.dll
0x00007ff905560000 - 0x00007ff905593000 	C:\WINDOWS\SYSTEM32\USERENV.dll
0x00007ff906100000 - 0x00007ff90612a000 	C:\WINDOWS\SYSTEM32\bcrypt.dll
0x00007ff905710000 - 0x00007ff90571c000 	C:\WINDOWS\SYSTEM32\CRYPTBASE.dll
0x00007ff8e69a0000 - 0x00007ff8e69ae000 	C:\Users\Aalaa Adel\.gradle\jdks\amazon_com_inc_-21-amd64-windows.2\bin\sunmscapi.dll
0x00007ff9069e0000 - 0x00007ff906b58000 	C:\WINDOWS\System32\CRYPT32.dll
0x00007ff905a10000 - 0x00007ff905a40000 	C:\WINDOWS\SYSTEM32\ncrypt.dll
0x00007ff9059c0000 - 0x00007ff9059ff000 	C:\WINDOWS\SYSTEM32\NTASN1.dll
0x00007ff902960000 - 0x00007ff902968000 	C:\WINDOWS\system32\wshunix.dll
0x00007ff905080000 - 0x00007ff9050b6000 	C:\WINDOWS\SYSTEM32\ntmarta.dll
0x00007ff8c2910000 - 0x00007ff8c2aa3000 	C:\Users\Aalaa Adel\.gradle\jdks\amazon_com_inc_-21-amd64-windows.2\bin\awt.dll
0x00007ff903220000 - 0x00007ff9032c0000 	C:\WINDOWS\SYSTEM32\apphelp.dll
0x00007ff9033e0000 - 0x00007ff90348a000 	C:\WINDOWS\system32\uxtheme.dll
0x00007ff906e50000 - 0x00007ff906fad000 	C:\WINDOWS\System32\MSCTF.dll
0x00007ff907090000 - 0x00007ff907228000 	C:\WINDOWS\System32\ole32.dll
0x00007ff903150000 - 0x00007ff903157000 	C:\Users\Aalaa Adel\.gradle\jdks\amazon_com_inc_-21-amd64-windows.2\bin\rmi.dll

JVMTI agents:
C:\Users\Aalaa Adel\.gradle\wrapper\dists\gradle-9.4.1-bin\arn2x92ynaizyzdaamcbpbhtj\gradle-9.4.1\lib\agents\gradle-instrumentation-agent-9.4.1.jar path:C:\Users\Aalaa Adel\.gradle\jdks\amazon_com_inc_-21-amd64-windows.2\bin\instrument.dll, loaded, initialized, instrumentlib options:none

dbghelp: loaded successfully - version: 4.0.5 - missing functions: none
symbol engine: initialized successfully - sym options: 0x614 - pdb path: .;C:\Users\Aalaa Adel\.gradle\jdks\amazon_com_inc_-21-amd64-windows.2\bin;C:\WINDOWS\SYSTEM32;C:\WINDOWS\WinSxS\amd64_microsoft.windows.common-controls_6595b64144ccf1df_6.0.26100.8521_none_3e08b75ce33403b3;C:\Users\Aalaa Adel\.gradle\jdks\amazon_com_inc_-21-amd64-windows.2\bin\server;C:\Users\Aalaa Adel\.gradle\native\660c5614fbf4a5f2a75b1949f50a0caf5cd603558e7d8a26e50b933a0cfb79d1\windows-amd64;C:\Users\Aalaa Adel\.gradle\native\0.2.8\x86_64-windows-gnu;C:\Users\Aalaa Adel\AppData\Local\Temp

VM Arguments:
jvm_args: --add-opens=java.base/java.lang=ALL-UNNAMED --add-opens=java.base/java.lang.invoke=ALL-UNNAMED --add-opens=java.base/java.util=ALL-UNNAMED --add-opens=java.prefs/java.util.prefs=ALL-UNNAMED --add-exports=jdk.compiler/com.sun.tools.javac.api=ALL-UNNAMED --add-exports=jdk.compiler/com.sun.tools.javac.util=ALL-UNNAMED --add-opens=java.base/java.util=ALL-UNNAMED --add-opens=java.prefs/java.util.prefs=ALL-UNNAMED --add-opens=java.base/java.nio.charset=ALL-UNNAMED --add-opens=java.base/java.net=ALL-UNNAMED --add-opens=java.base/java.util.concurrent=ALL-UNNAMED --add-opens=java.base/java.util.concurrent.atomic=ALL-UNNAMED --add-opens=java.xml/javax.xml.namespace=ALL-UNNAMED --add-opens=java.base/java.time=ALL-UNNAMED -XX:MaxMetaspaceSize=1024m -XX:+HeapDumpOnOutOfMemoryError -Xmx4096m -Dfile.encoding=UTF-8 -Duser.country=US -Duser.language=en -Duser.variant -javaagent:C:\Users\Aalaa Adel\.gradle\wrapper\dists\gradle-9.4.1-bin\arn2x92ynaizyzdaamcbpbhtj\gradle-9.4.1\lib\agents\gradle-instrumentation-agent-9.4.1.jar 
java_command: org.gradle.launcher.daemon.bootstrap.GradleDaemon 9.4.1
java_class_path (initial): C:\Users\Aalaa Adel\.gradle\wrapper\dists\gradle-9.4.1-bin\arn2x92ynaizyzdaamcbpbhtj\gradle-9.4.1\lib\gradle-daemon-main-9.4.1.jar
Launcher Type: SUN_STANDARD

[Global flags]
     intx CICompilerCount                          = 4                                         {product} {ergonomic}
   size_t CompressedClassSpaceSize                 = 872415232                                 {product} {ergonomic}
     uint ConcGCThreads                            = 3                                         {product} {ergonomic}
     uint G1ConcRefinementThreads                  = 10                                        {product} {ergonomic}
   size_t G1HeapRegionSize                         = 2097152                                   {product} {ergonomic}
    uintx GCDrainStackTargetSize                   = 64                                        {product} {ergonomic}
     bool HeapDumpOnOutOfMemoryError               = true                                   {manageable} {command line}
   size_t InitialHeapSize                          = 257949696                                 {product} {ergonomic}
   size_t MarkStackSize                            = 4194304                                   {product} {ergonomic}
   size_t MaxHeapSize                              = 4294967296                                {product} {command line}
   size_t MaxMetaspaceSize                         = 1073741824                                {product} {command line}
   size_t MaxNewSize                               = 2575302656                                {product} {ergonomic}
   size_t MinHeapDeltaBytes                        = 2097152                                   {product} {ergonomic}
   size_t MinHeapSize                              = 8388608                                   {product} {ergonomic}
    uintx NonNMethodCodeHeapSize                   = 5839372                                {pd product} {ergonomic}
    uintx NonProfiledCodeHeapSize                  = 122909434                              {pd product} {ergonomic}
    uintx ProfiledCodeHeapSize                     = 122909434                              {pd product} {ergonomic}
    uintx ReservedCodeCacheSize                    = 251658240                              {pd product} {ergonomic}
     bool SegmentedCodeCache                       = true                                      {product} {ergonomic}
   size_t SoftMaxHeapSize                          = 4294967296                             {manageable} {ergonomic}
     bool UseCompressedOops                        = true                           {product lp64_product} {ergonomic}
     bool UseG1GC                                  = true                                      {product} {ergonomic}
     bool UseLargePagesIndividualAllocation        = false                                  {pd product} {ergonomic}

Logging:
Log output configuration:
 #0: stdout all=warning uptime,level,tags foldmultilines=false
 #1: stderr all=off uptime,level,tags foldmultilines=false

Release file:
IMPLEMENTOR="Amazon.com Inc." 
IMPLEMENTOR_VERSION="Corretto-21.0.11.10.1" 
JAVA_RUNTIME_VERSION="21.0.11+10-LTS" 
JAVA_VERSION="21.0.11" 
JAVA_VERSION_DATE="2026-04-21" 
LIBC="default" 
MODULES="java.base java.compiler java.datatransfer java.xml java.prefs java.desktop java.instrument java.logging java.management java.security.sasl java.naming java.rmi java.management.rmi java.net.http java.scripting java.security.jgss java.transaction.xa java.sql java.sql.rowset java.xml.crypto java.se java.smartcardio jdk.accessibility jdk.internal.jvmstat jdk.attach jdk.charsets jdk.internal.opt jdk.zipfs jdk.compiler jdk.crypto.ec jdk.crypto.cryptoki jdk.crypto.mscapi jdk.dynalink jdk.internal.ed jdk.editpad jdk.hotspot.agent jdk.httpserver jdk.incubator.vector jdk.internal.le jdk.internal.vm.ci jdk.internal.vm.compiler jdk.internal.vm.compiler.management jdk.jartool jdk.javadoc jdk.jcmd jdk.management jdk.management.agent jdk.jconsole jdk.jdeps jdk.jdwp.agent jdk.jdi jdk.jfr jdk.jlink jdk.jpackage jdk.jshell jdk.jsobject jdk.jstatd jdk.localedata jdk.management.jfr jdk.naming.dns jdk.naming.rmi jdk.net jdk.nio.mapmode jdk.random jdk.sctp jdk.security.auth jdk.security.jgss jdk.unsupported jdk.unsupported.desktop jdk.xml.dom" 
OS_ARCH="x86_64" 
OS_NAME="Windows" 
SOURCE="" 

Environment Variables:
JAVA_HOME=C:\Program Files\Java\jdk-25
PATH=C:\Users\Aalaa Adel\.codex\tmp\arg0\codex-arg0rJFjUy;C:\Users\Aalaa Adel\.cache\codex-runtimes\codex-primary-runtime\dependencies\bin;C:\Program Files\Java\jdk-25\bin;C:\Program Files\Common Files\Oracle\Java\javapath;C:\WINDOWS\system32;C:\WINDOWS;C:\WINDOWS\System32\Wbem;C:\WINDOWS\System32\WindowsPowerShell\v1.0\;C:\WINDOWS\System32\OpenSSH\;C:\Program Files\NVIDIA Corporation\NVIDIA App\NvDLISR;C:\Program Files (x86)\NVIDIA Corporation\PhysX\Common;C:\Program Files\Git\cmd;C:\Users\Aalaa Adel\AppData\Local\Microsoft\WindowsApps;C:\Users\Aalaa Adel\AppData\Local\JetBrains\Toolbox\scripts;C:\Users\Aalaa Adel\AppData\Local\Programs\Microsoft VS Code\bin;C:\Program Files\CodeBlocks\MinGW\bin;C:\Users\Aalaa Adel\flutter\bin;C:\Users\Aalaa Adel\AppData\Local\OpenAI\Codex\bin\ada252862d154cdd;C:\Program Files\WindowsApps\OpenAI.Codex_26.623.13972.0_x64__2p2nqsd0c76g0\app\resources
USERNAME=Aalaa Adel
SHELL=C:\WINDOWS\System32\WindowsPowerShell\v1.0\powershell.exe
OS=Windows_NT
PROCESSOR_IDENTIFIER=AMD64 Family 23 Model 96 Stepping 1, AuthenticAMD
TMP=C:\Users\AALAAA~1\AppData\Local\Temp
TEMP=C:\Users\AALAAA~1\AppData\Local\Temp




Periodic native trim disabled

---------------  S Y S T E M  ---------------

OS:
 Windows 11 , 64 bit Build 26100 (10.0.26100.8521)
OS uptime: 1 days 1:07 hours
Hyper-V role detected

CPU: total 12 (initial active 12) (12 cores per cpu, 2 threads per core) family 23 model 96 stepping 1 microcode 0x8600104, cx8, cmov, fxsr, ht, mmx, 3dnowpref, sse, sse2, sse3, ssse3, sse4a, sse4.1, sse4.2, popcnt, lzcnt, tsc, tscinvbit, avx, avx2, aes, clmul, bmi1, bmi2, adx, sha, fma, vzeroupper, clflush, clflushopt, hv, rdtscp, rdpid, f16c
Processor Information for the first 12 processors :
  Max Mhz: 3000, Current Mhz: 3000, Mhz Limit: 3000

Memory: 4k page, system-wide physical 15741M (1023M free)
TotalPageFile size 21758M (AvailPageFile size 74M)
current process WorkingSet (physical memory assigned to process): 1298M, peak: 1301M
current process commit charge ("private bytes"): 1334M, peak: 1426M

vm_info: OpenJDK 64-Bit Server VM (21.0.11+10-LTS) for windows-amd64 JRE (21.0.11+10-LTS), built on 2026-04-18T07:30:30Z by "Administrator" with MS VC++ 17.14 (VS2022)

END.
